name,cottage_id,cottage_image,bedrooms,sleeps,rating,price
Lovely cottage to let with pool in Dordogne, AD007590,https://www.holidayfrancedirect.co.uk/holiday-rentals/AD007590/index.htm,Bedrooms 3, Sleeps 7,7,£550 to £1500 pw
Cottage for holiday let Marennes, PM003806,https://www.holidayfrancedirect.co.uk/holiday-rentals/PM003806/index.htm,Bedrooms 2, Sleeps 4,4,£546 to £1204 pw
Traditional stone barn to let in Trebons, MH003951,https://www.holidayfrancedirect.co.uk/holiday-rentals/MH003951/index.htm,Bedrooms 1, Sleeps 2,2,£500 pw
Honeysuckle holiday gite in Cotes d'Armor, BN003895_B,https://www.holidayfrancedirect.co.uk/holiday-rentals/BN003895_B/index.htm,Bedrooms 1, Sleeps 2,9.6/10,£345 to £365 pw
"Luxury farmhouse and pool to let, Normandy", NM006457,https://www.holidayfrancedirect.co.uk/holiday-rentals/NM006457/index.htm,Bedrooms 5, Sleeps 14,9.8/10,£850 to £3395 pw
Holiday gite with pool in the Loire Valley, VC004437,https://www.holidayfrancedirect.co.uk/holiday-rentals/VC004437/index.htm,Bedrooms 1, Sleeps 6,10/10,£310 to £450 pw
Holiday cottage rental in Brittany, BN000920_C,https://www.holidayfrancedirect.co.uk/holiday-rentals/BN000920_C/index.htm,Bedrooms 5, Sleeps 13,9.8/10,£1300 to £2150 pw
La Pressoire holiday let near Baud Brittany, BM001973_A,https://www.holidayfrancedirect.co.uk/holiday-rentals/BM001973_A/index.htm,Bedrooms 5, Sleeps 10,9.2/10,£1395 pw
Spacious cottage for rental in Brittany, BM003353,https://www.holidayfrancedirect.co.uk/holiday-rentals/BM003353/index.htm,Bedrooms 2, Sleeps 5,9.4/10,£325 to £625 pw
Large Gite & Shared Pool in Poitou Charentes, PS005209,https://www.holidayfrancedirect.co.uk/holiday-rentals/PS005209/index.htm,Bedrooms 3, Sleeps 8,8,£700 to £1050 pw
"Holiday gite for 2 in rural & pool, Normandy", NM005324,https://www.holidayfrancedirect.co.uk/holiday-rentals/NM005324/index.htm,Bedrooms 1, Sleeps 2,10/10,£350 to £475 pw
Pretty rural gite & pool to let in Normandy, NM006620,https://www.holidayfrancedirect.co.uk/holiday-rentals/NM006620/index.htm,Bedrooms 1, Sleeps 3,10/10,£350 to £495 pw
"Stunning sea view house to let, Brittany", BM007321,https://www.holidayfrancedirect.co.uk/holiday-rentals/BM007321/index.htm,Bedrooms 4, Sleeps 8,8,£830 to £1620 pw
"Gite with pool and fishing lake, Charente", PC005441,https://www.holidayfrancedirect.co.uk/holiday-rentals/PC005441/index.htm,Bedrooms 2, Sleeps 4,10/10,£1000 pw
Holiday gite in Brittany with private pool, BM007491,https://www.holidayfrancedirect.co.uk/holiday-rentals/BM007491/index.htm,Bedrooms 4, Sleeps 7,7,£1400 to £1800 pw
Barn for holiday rental in Midi Pyrenees, MH005192,https://www.holidayfrancedirect.co.uk/holiday-rentals/MH005192/index.htm,Bedrooms 1, Sleeps 2,9.5/10,£500 pw
Holiday let & pool Loire Valley, VI004218_D,https://www.holidayfrancedirect.co.uk/holiday-rentals/VI004218_D/index.htm,Bedrooms 2, Sleeps 3,3,£395 to £745 pw
"Delightful 2 bedroom gite, Charente Maritime", PM005589,https://www.holidayfrancedirect.co.uk/holiday-rentals/PM005589/index.htm,Bedrooms 2, Sleeps 5,8.8/10,£200 to £650 pw
Millhouse for holiday rentals near Falaise, NO001378_A,https://www.holidayfrancedirect.co.uk/holiday-rentals/NO001378_A/index.htm,Bedrooms 6, Sleeps 10,10,£700 to £950 pw
Farmhouse holiday rental Charente, PC004053,https://www.holidayfrancedirect.co.uk/holiday-rentals/PC004053/index.htm,Bedrooms 3, Sleeps 6,9.4/10,£590 to £645 pw
"Gîte Rose, Gites du Parc, Vendee", LV002900_C,https://www.holidayfrancedirect.co.uk/holiday-rentals/LV002900_C/index.htm,Bedrooms 2, Sleeps 4,9.7/10,€510 to €810 pw
"Lovely farmhouse to let in Mantilly, Orne", NO007695,https://www.holidayfrancedirect.co.uk/holiday-rentals/NO007695/index.htm,Bedrooms 3, Sleeps 6,6,£640 pw
Holiday gite in rural Normandy Calvados, NC005901,https://www.holidayfrancedirect.co.uk/holiday-rentals/NC005901/index.htm,Bedrooms 3, Sleeps 6,10/10,£770 pw
Rural Gite for 7 to let in Charente Maritime, PM007310,https://www.holidayfrancedirect.co.uk/holiday-rentals/PM007310/index.htm,Bedrooms 3, Sleeps 7,7,£695 to £1045 pw
Lovely farmhouse with a pool to let in Matha, PM007654,https://www.holidayfrancedirect.co.uk/holiday-rentals/PM007654/index.htm,Bedrooms 4, Sleeps 8,8,£1100 to £2000 pw
Holiday cottage with private pool in Brittany, BN007520,https://www.holidayfrancedirect.co.uk/holiday-rentals/BN007520/index.htm,Bedrooms 4, Sleeps 7,7,£500 to £800 pw
"House to let with private pool, Aquitaine", AP007188,https://www.holidayfrancedirect.co.uk/holiday-rentals/AP007188/index.htm,Bedrooms 2, Sleeps 4,10/10,£650 to £1100 pw
Spacious holiday gite in rural Aquitaine, AP006896,https://www.holidayfrancedirect.co.uk/holiday-rentals/AP006896/index.htm,Bedrooms 4, Sleeps 10,10,£644 to £1260 pw
"Tranquil countryside gite to let, Normandy", NM007665,https://www.holidayfrancedirect.co.uk/holiday-rentals/NM007665/index.htm,Bedrooms 1, Sleeps 2,2,£379 pw
Luxury holiday apartment in Lagrasse, RA006782,https://www.holidayfrancedirect.co.uk/holiday-rentals/RA006782/index.htm,Bedrooms 2, Sleeps 5,5,£429 to £1233 pw
"Property to let, private heated pool, Loire V", VE004172,https://www.holidayfrancedirect.co.uk/holiday-rentals/VE004172/index.htm,Bedrooms 5, Sleeps 8,9.2/10,£1175 to £1540 pw
"Large gite to let in rural Normandy, Manche", NM005907,https://www.holidayfrancedirect.co.uk/holiday-rentals/NM005907/index.htm,Bedrooms 2, Sleeps 4,9.7/10,£360 pw
Unique holiday gite in the Dordogne, AD006178,https://www.holidayfrancedirect.co.uk/holiday-rentals/AD006178/index.htm,Bedrooms 3, Sleeps 6,6,£445 to £1080 pw
"House for holiday lets, St Fraigne Charente", PC002603,https://www.holidayfrancedirect.co.uk/holiday-rentals/PC002603/index.htm,Bedrooms 3, Sleeps 7,9.3/10,£455 to £595 pw
The Farmhouse for holidays in Brittany, BN001361_A,https://www.holidayfrancedirect.co.uk/holiday-rentals/BN001361_A/index.htm,Bedrooms 14, Sleeps 35,35,€1540 to €1715 pw
"Holiday rental, sandy beach 120m, Brittany", BM007364_C,https://www.holidayfrancedirect.co.uk/holiday-rentals/BM007364_C/index.htm,Bedrooms 7, Sleeps 16,16,£440 to £1380 pw
Holiday let with private pool in Dordogne, AD004832,https://www.holidayfrancedirect.co.uk/holiday-rentals/AD004832/index.htm,Bedrooms 3, Sleeps 7,7,£915 to £1395 pw
"Rural Gite in Vendee, heated pool for rental", LV005671,https://www.holidayfrancedirect.co.uk/holiday-rentals/LV005671/index.htm,Bedrooms 2, Sleeps 4,10/10,£475 to £665 pw
"Modern holiday gite with pool, near Monpazier", AT006120,https://www.holidayfrancedirect.co.uk/holiday-rentals/AT006120/index.htm,Bedrooms 2, Sleeps 4,10/10,£400 to £600 pw
Stylish rural gite to let in Poitou Charentes, PM006368,https://www.holidayfrancedirect.co.uk/holiday-rentals/PM006368/index.htm,Bedrooms 2, Sleeps 4,9/10,£1300 to £1600 pw
Holiday house for rental with pool rural Lot, AT003156,https://www.holidayfrancedirect.co.uk/holiday-rentals/AT003156/index.htm,Bedrooms 4, Sleeps 8,9.3/10,£760 to £1880 pw
Cottage for holiday rental Charente with pool, PC003112,https://www.holidayfrancedirect.co.uk/holiday-rentals/PC003112/index.htm,Bedrooms 1, Sleeps 2,9.8/10,£330 to £400 pw
A Holiday cottage to rent Jugon les Lacs, BN007357,https://www.holidayfrancedirect.co.uk/holiday-rentals/BN007357/index.htm,Bedrooms 2, Sleeps 4,4,£400 to £675 pw
Lovely converted barn to let in Charente, PC006886,https://www.holidayfrancedirect.co.uk/holiday-rentals/PC006886/index.htm,Bedrooms 3, Sleeps 6,6,£450 to £850 pw
Holiday gites with pool for rental Dordogne, AD000161_F,https://www.holidayfrancedirect.co.uk/holiday-rentals/AD000161_F/index.htm,Bedrooms 2, Sleeps 6,6,£420 to £940 pw
"Stone Cottage with Shared Pool, Cotes d'Armor", BN003487_A,https://www.holidayfrancedirect.co.uk/holiday-rentals/BN003487_A/index.htm,Bedrooms 2, Sleeps 6,10/10,£350 to £750 pw
Cottage for holiday let Charente Maritime, PM003419,https://www.holidayfrancedirect.co.uk/holiday-rentals/PM003419/index.htm,Bedrooms 4, Sleeps 8,10/10,£686 to £1680 pw
Holiday cottage and pool to rent Brittany, BM002351_B,https://www.holidayfrancedirect.co.uk/holiday-rentals/BM002351_B/index.htm,Bedrooms 2, Sleeps 5,9.7/10,£480 to £1310 pw
"Lovely gite with shared pool, Saint Severin", PC005705,https://www.holidayfrancedirect.co.uk/holiday-rentals/PC005705/index.htm,Bedrooms 3, Sleeps 6,6,£395 to £710 pw
"Holiday gite, private pool, Dordogne", AD007697,https://www.holidayfrancedirect.co.uk/holiday-rentals/AD007697/index.htm,Bedrooms 2, Sleeps 4,4,£550 to £880 pw
"Cottage for rent, tranquil location Brittany", BF002893,https://www.holidayfrancedirect.co.uk/holiday-rentals/BF002893/index.htm,Bedrooms 1, Sleeps 2,10/10,£199 to £299 pw
Luxury self catering gites rural nr Pontrieux, BN003129_B,https://www.holidayfrancedirect.co.uk/holiday-rentals/BN003129_B/index.htm,Bedrooms 1, Sleeps 2,10/10,£396 to £693 pw
Gite for 2 with private pool in Deux Sevres, PS006689,https://www.holidayfrancedirect.co.uk/holiday-rentals/PS006689/index.htm,Bedrooms 1, Sleeps 2,10/10,£475 to £580 pw
Cottage to let in tranquil rural Brittany, BI006329,https://www.holidayfrancedirect.co.uk/holiday-rentals/BI006329/index.htm,Bedrooms 2, Sleeps 4,9.8/10,£534 to £634 pw
Lovely gite to let with a pool in the Vendee, LV007718_A,https://www.holidayfrancedirect.co.uk/holiday-rentals/LV007718_A/index.htm,Bedrooms 2, Sleeps 4,4,€390 to €741 pw
"Holiday rental, quiet setting Benodet 6km", BF000361_A,https://www.holidayfrancedirect.co.uk/holiday-rentals/BF000361_A/index.htm,Bedrooms 2, Sleeps 5,9.3/10,£395 to £595 pw
Holiday cottage to rent near beach Brittany, BM000798,https://www.holidayfrancedirect.co.uk/holiday-rentals/BM000798/index.htm,Bedrooms 3, Sleeps 6,9.1/10,£300 to £800 pw
Small holiday cottage with pool nr St Tropez, CV005057,https://www.holidayfrancedirect.co.uk/holiday-rentals/CV005057/index.htm,Bedrooms 2, Sleeps 4,9.4/10,£1250 to £2000 pw
Holiday gite rental nr Bricquebec Manche, NM002658_B,https://www.holidayfrancedirect.co.uk/holiday-rentals/NM002658_B/index.htm,Bedrooms 2, Sleeps 4,4,£650 to £795 pw
"Farmhouse to let with private pool, Aquitaine", AD007398,https://www.holidayfrancedirect.co.uk/holiday-rentals/AD007398/index.htm,Bedrooms 4, Sleeps 8,8,£650 to £1225 pw
"Lovely cottage with stunning views, Charente", PC006352,https://www.holidayfrancedirect.co.uk/holiday-rentals/PC006352/index.htm,Bedrooms 2, Sleeps 3,10/10,£350 to £455 pw
Holiday cottage rental 15km from Coutances, NM003308,https://www.holidayfrancedirect.co.uk/holiday-rentals/NM003308/index.htm,Bedrooms 3, Sleeps 6,9.9/10,£330 to £545 pw
Character Dordogne holiday gite for 2, AD005318,https://www.holidayfrancedirect.co.uk/holiday-rentals/AD005318/index.htm,Bedrooms 1, Sleeps 2,10/10,£315 pw
Stunning barn to let with pool in Calvados, NC003291,https://www.holidayfrancedirect.co.uk/holiday-rentals/NC003291/index.htm,Bedrooms 4, Sleeps 10,10/10,£950 to £1800 pw
Tranquil rural holiday gite for 4 in Normandy, NM004011,https://www.holidayfrancedirect.co.uk/holiday-rentals/NM004011/index.htm,Bedrooms 2, Sleeps 4,10/10,£320 to £560 pw
Charentaise holiday farmhouse & pool rental, PC004353,https://www.holidayfrancedirect.co.uk/holiday-rentals/PC004353/index.htm,Bedrooms 2, Sleeps 4,4,£700 to £800 pw
Breton farmhouse holiday lets Henanbihen, BN002509,https://www.holidayfrancedirect.co.uk/holiday-rentals/BN002509/index.htm,Bedrooms 6, Sleeps 11,8.4/10,£615 to £970 pw
Holiday farmhouse to rent near Dinan, BN001600_B,https://www.holidayfrancedirect.co.uk/holiday-rentals/BN001600_B/index.htm,Bedrooms 2, Sleeps 4,4,£350 to £450 pw
Renovated gite for family holidays in Begard, BN004790,https://www.holidayfrancedirect.co.uk/holiday-rentals/BN004790/index.htm,Bedrooms 2, Sleeps 4,4,£525 to £945 pw
"Holiday complex, pool and bar near Lamballe", BN002848_E,https://www.holidayfrancedirect.co.uk/holiday-rentals/BN002848_E/index.htm,Bedrooms 2, Sleeps 4,4,€1000 to €1800 pw
Lovely gite to let in large grounds in Aude, RA006541,https://www.holidayfrancedirect.co.uk/holiday-rentals/RA006541/index.htm,Bedrooms 2, Sleeps 4,4,£280 to £720 pw
Rural holiday cottage for 6 to let in Vendee, LV006679,https://www.holidayfrancedirect.co.uk/holiday-rentals/LV006679/index.htm,Bedrooms 3, Sleeps 6,10/10,£550 to £775 pw
"Holiday farmhouse, private pool, Dordogne", AD007696,https://www.holidayfrancedirect.co.uk/holiday-rentals/AD007696/index.htm,Bedrooms 3, Sleeps 8,8,£700 to £1300 pw
"Spacious gite to let, private pool, Limousin", UO007221,https://www.holidayfrancedirect.co.uk/holiday-rentals/UO007221/index.htm,Bedrooms 3, Sleeps 6,6,£650 to £910 pw
Converted barn with private heated pool, PC003567,https://www.holidayfrancedirect.co.uk/holiday-rentals/PC003567/index.htm,Bedrooms 5, Sleeps 10,9.1/10,£1180 to £2520 pw
Holiday let with pool in rural Aquitaine, AT005976,https://www.holidayfrancedirect.co.uk/holiday-rentals/AT005976/index.htm,Bedrooms 3, Sleeps 6,10/10,£650 to £1250 pw
Holiday let with pool in rural Maine et Loire, LL005165_B,https://www.holidayfrancedirect.co.uk/holiday-rentals/LL005165_B/index.htm,Bedrooms 3, Sleeps 6,6,£895 to £1495 pw
Luxury cottage centre of Pontrieux Brittany, BN005392,https://www.holidayfrancedirect.co.uk/holiday-rentals/BN005392/index.htm,Bedrooms 2, Sleeps 4,10/10,£550 to £620 pw
Farmhouse holiday rental 10km Avranches, NM002894,https://www.holidayfrancedirect.co.uk/holiday-rentals/NM002894/index.htm,Bedrooms 3, Sleeps 8,9.7/10,£850 pw
"Spacious gite & shared pool to let, Aquitaine", AT007386,https://www.holidayfrancedirect.co.uk/holiday-rentals/AT007386/index.htm,Bedrooms 2, Sleeps 4,4,£695 to £950 pw
"Two bed gite to let, shared pool, Dordogne", AD007154,https://www.holidayfrancedirect.co.uk/holiday-rentals/AD007154/index.htm,Bedrooms 2, Sleeps 4,10/10,£550 to £950 pw
Holiday cottages/apartments to let nr Benodet, BF000236_J,https://www.holidayfrancedirect.co.uk/holiday-rentals/BF000236_J/index.htm,Bedrooms 18, Sleeps 37,37,€480 to €1010 pw
Cosy gite in a hamlet in Poitou Charentes, PS005092,https://www.holidayfrancedirect.co.uk/holiday-rentals/PS005092/index.htm,Bedrooms 2, Sleeps 5,9.7/10,£300 to £620 pw
Rural holiday gite for rental Western Loire, LS005851,https://www.holidayfrancedirect.co.uk/holiday-rentals/LS005851/index.htm,Bedrooms 4, Sleeps 7,7,£910 to £1050 pw
Peaceful gite to let in Poitou Charentes, PV004224,https://www.holidayfrancedirect.co.uk/holiday-rentals/PV004224/index.htm,Bedrooms 2, Sleeps 4,10/10,£452 to £833 pw
Holiday let in rural Loire Valley, VI005100_C,https://www.holidayfrancedirect.co.uk/holiday-rentals/VI005100_C/index.htm,Bedrooms 1, Sleeps 2,2,£395 to £695 pw
"Perigordine holiday house with pool, Dordogne", AD007647,https://www.holidayfrancedirect.co.uk/holiday-rentals/AD007647/index.htm,Bedrooms 4, Sleeps 8,8,£1126 to £2228 pw
Holiday gite in Normandy near St Mere Eglise, NM006337,https://www.holidayfrancedirect.co.uk/holiday-rentals/NM006337/index.htm,Bedrooms 1, Sleeps 4,10/10,£365 to £450 pw
Vendee farmhouse for holiday rental, LV000815,https://www.holidayfrancedirect.co.uk/holiday-rentals/LV000815/index.htm,Bedrooms 3, Sleeps 7,9.6/10,£425 to £650 pw
Holiday let with pool in rural Western Loire, LL005072_C,https://www.holidayfrancedirect.co.uk/holiday-rentals/LL005072_C/index.htm,Bedrooms 2, Sleeps 4,9.6/10,€495 to €675 pw
200yr Old Farmhouse for Holidays in Menigoute, PS004859,https://www.holidayfrancedirect.co.uk/holiday-rentals/PS004859/index.htm,Bedrooms 2, Sleeps 7,9.5/10,£430 to £875 pw
Luxurious farmhouse & pool to let in Dordogne, AD007634,https://www.holidayfrancedirect.co.uk/holiday-rentals/AD007634/index.htm,Bedrooms 5, Sleeps 10,10,£2450 to £6000 pw
"Holiday cottage in Brittany, Dinan 15 mins", BN007493,https://www.holidayfrancedirect.co.uk/holiday-rentals/BN007493/index.htm,Bedrooms 2, Sleeps 4,4,£251 to £408 pw
Cottage for holiday let St Jean,d'Angély ,https://www.holidayfrancedirect.co.uk/holiday-rentals/PM002399_A/index.htm,Bedrooms 20, Sleeps 40,40,£850 to £1650 pw
Millhouse for holiday rentals near Falaise, NO001378_A,https://www.holidayfrancedirect.co.uk/holiday-rentals/NO001378_A/index.htm,Bedrooms 6, Sleeps 10,10,£700 to £950 pw
Holiday let in gite complex near Carlux, AD004978,https://www.holidayfrancedirect.co.uk/holiday-rentals/AD004978/index.htm,Bedrooms 1, Sleeps 4,4,£320 to £700 pw
"Large holiday gite with pool, rural Aquitaine", AT005799,https://www.holidayfrancedirect.co.uk/holiday-rentals/AT005799/index.htm,Bedrooms 3, Sleeps 6,6,£845 to £1445 pw
"Tranquil Farmhouse to let Plounerin, Brittany", BN006332,https://www.holidayfrancedirect.co.uk/holiday-rentals/BN006332/index.htm,Bedrooms 4, Sleeps 8,8,£550 to £1150 pw
, PC006033_E,https://www.holidayfrancedirect.co.uk/holiday-rentals/PC006033_E/index.htm,Bedrooms 2, Sleeps 4,4,£560 to £728 pw
"Large holiday farmhouse with pool, Aquitaine", AD003584,https://www.holidayfrancedirect.co.uk/holiday-rentals/AD003584/index.htm,Bedrooms 3, Sleeps 6,9.2/10,£695 to £1475 pw
18th century farmhouse to let in Deux Sevres, PS006183,https://www.holidayfrancedirect.co.uk/holiday-rentals/PS006183/index.htm,Bedrooms 4, Sleeps 9,9.7/10,£1230 to £1680 pw
Renovated farmhouse to let in Dordogne, AD005864_D,https://www.holidayfrancedirect.co.uk/holiday-rentals/AD005864_D/index.htm,Bedrooms 2, Sleeps 4,4,€815 to €1235 pw
Converted Farmhouse to let near St Malo, BI006344,https://www.holidayfrancedirect.co.uk/holiday-rentals/BI006344/index.htm,Bedrooms 2, Sleeps 4,9.7/10,£875 to £1040 pw
Converted barn to let with pool near Poitiers, PV006203,https://www.holidayfrancedirect.co.uk/holiday-rentals/PV006203/index.htm,Bedrooms 2, Sleeps 5,10/10,£560 to £840 pw
"Holiday cottage with private pool, Aquitaine", AD007428,https://www.holidayfrancedirect.co.uk/holiday-rentals/AD007428/index.htm,Bedrooms 3, Sleeps 6,6,£1200 to £1695 pw
"Big house, pool, garden, great view, nr Royan", PM006125,https://www.holidayfrancedirect.co.uk/holiday-rentals/PM006125/index.htm,Bedrooms 5, Sleeps 12,12,£1000 to £2100 pw
"La Clartiere holiday cottage, Calvados", NC002675,https://www.holidayfrancedirect.co.uk/holiday-rentals/NC002675/index.htm,Bedrooms 2, Sleeps 4,9.2/10,£495 to £795 pw
Luxury holiday let near St Sauveur le Vicomt, NM001949_B,https://www.holidayfrancedirect.co.uk/holiday-rentals/NM001949_B/index.htm,Bedrooms 1, Sleeps 2,2,€500 to €600 pw
"Holiday farmhouse with pool, Aquitaine", AD006989_B,https://www.holidayfrancedirect.co.uk/holiday-rentals/AD006989_B/index.htm,Bedrooms 1, Sleeps 3,3,£495 to £695 pw
Holiday cottage & pool to let nr Pont,Aven ,https://www.holidayfrancedirect.co.uk/holiday-rentals/BF002047_D/index.htm,Bedrooms 3, Sleeps 6,9.7/10,£425 to £1225 pw
Holiday gite accommodation nr La Palmyre, PM002091,https://www.holidayfrancedirect.co.uk/holiday-rentals/PM002091/index.htm,Bedrooms 3, Sleeps 6,9.8/10,£525 to £980 pw
Holiday Property for rental in Pornic, LA002812,https://www.holidayfrancedirect.co.uk/holiday-rentals/LA002812/index.htm,Bedrooms 2, Sleeps 4,9.6/10,£650 to £895 pw
Traditional farmhouse gite to let in Charente, PC006470,https://www.holidayfrancedirect.co.uk/holiday-rentals/PC006470/index.htm,Bedrooms 2, Sleeps 4,9.5/10,£400 to £532 pw
Large holiday let with pool nr Bergerac, AT005397,https://www.holidayfrancedirect.co.uk/holiday-rentals/AT005397/index.htm,Bedrooms 5, Sleeps 12,9.4/10,£2000 to £2600 pw
Holiday let & pool Loire Valley, VI004218_B,https://www.holidayfrancedirect.co.uk/holiday-rentals/VI004218_B/index.htm,Bedrooms 3, Sleeps 4,4,£495 to £945 pw
Rose Cottage for rent in Mayenne, Sleeps 2 ,https://www.holidayfrancedirect.co.uk/holiday-rentals/LM003633_A/index.htm,Bedrooms 2, Sleeps 4,9.6/10,£440 pw
Gite for holiday rental Orne, NO003260,https://www.holidayfrancedirect.co.uk/holiday-rentals/NO003260/index.htm,Bedrooms 2, Sleeps 6,9.9/10,£450 to £550 pw
Rural Holiday Gite for 2 in Vendee, LV006411,https://www.holidayfrancedirect.co.uk/holiday-rentals/LV006411/index.htm,Bedrooms 1, Sleeps 2,2,£455 to £805 pw
"Stunning Rural Gite in Normandy, Orne", NO003444_B,https://www.holidayfrancedirect.co.uk/holiday-rentals/NO003444_B/index.htm,Bedrooms 3, Sleeps 8,10/10,£720 to £1120 pw
Lovely cottage to let with a pool in Normandy, NM007329,https://www.holidayfrancedirect.co.uk/holiday-rentals/NM007329/index.htm,Bedrooms 1, Sleeps 2,10/10,£250 to £395 pw
Windmill to rent for holidays in Gironde, AG000278,https://www.holidayfrancedirect.co.uk/holiday-rentals/AG000278/index.htm,Bedrooms 1, Sleeps 2,2,£2000 to £2500 pw
"Holiday Gite for 3, to let in rural Vendee", LV006478,https://www.holidayfrancedirect.co.uk/holiday-rentals/LV006478/index.htm,Bedrooms 2, Sleeps 3,3,£455 to £805 pw
Lovely gite to let with a pool in Deux Sevres, PS007613,https://www.holidayfrancedirect.co.uk/holiday-rentals/PS007613/index.htm,Bedrooms 3, Sleeps 12,12,£2500 pw
"Holiday gite, pretty riverside Loire village", LL006509,https://www.holidayfrancedirect.co.uk/holiday-rentals/LL006509/index.htm,Bedrooms 2, Sleeps 4,10/10,£630 to £945 pw
"Holiday rental gites, St Jean d'Angely 18km", PM002601_B,https://www.holidayfrancedirect.co.uk/holiday-rentals/PM002601_B/index.htm,Bedrooms 8, Sleeps 18,9.8/10,£495 to £1150 pw
"Large farmhouse & pool to let, Midi Pyrenees", MA007622,https://www.holidayfrancedirect.co.uk/holiday-rentals/MA007622/index.htm,Bedrooms 6, Sleeps 10,10,£765 to £3320 pw
House with shared pool for rental Soreze 3km, MT002148_B,https://www.holidayfrancedirect.co.uk/holiday-rentals/MT002148_B/index.htm,Bedrooms 2, Sleeps 5,5,£580 to £730 pw
Lovely cottage to let with pool in Dordogne, AD007595,https://www.holidayfrancedirect.co.uk/holiday-rentals/AD007595/index.htm,Bedrooms 4, Sleeps 8,8,£1815 to £2520 pw
Holiday cottage in scenic Normandy, NC007548,https://www.holidayfrancedirect.co.uk/holiday-rentals/NC007548/index.htm,Bedrooms 2, Sleeps 4,10/10,£360 to £810 pw
Luxury holiday let near St Sauveur le Vicomt, NM001949_A,https://www.holidayfrancedirect.co.uk/holiday-rentals/NM001949_A/index.htm,Bedrooms 2, Sleeps 5,9.6/10,£550 to £1000 pw
Holiday let & pool Loire Valley, VI004218_A,https://www.holidayfrancedirect.co.uk/holiday-rentals/VI004218_A/index.htm,Bedrooms 13, Sleeps 23,23,£395 to £1095 pw
Holiday cottage and pool to rent Brittany, BM002351_E,https://www.holidayfrancedirect.co.uk/holiday-rentals/BM002351_E/index.htm,Bedrooms 3, Sleeps 6,10/10,£620 to £1550 pw
Holiday farmhouse close to St Jean de Cole, AD006208,https://www.holidayfrancedirect.co.uk/holiday-rentals/AD006208/index.htm,Bedrooms 2, Sleeps 5,9.8/10,£595 to £798 pw
Spacious private holiday gite in Dordogne, AT006551,https://www.holidayfrancedirect.co.uk/holiday-rentals/AT006551/index.htm,Bedrooms 4, Sleeps 8,8,£1512 to £1680 pw
"Holiday rental gites, St Jean d'Angely 18km", PM002601_C,https://www.holidayfrancedirect.co.uk/holiday-rentals/PM002601_C/index.htm,Bedrooms 3, Sleeps 8,8,£495 to £975 pw
"Converted barn holiday rental, Maine et Loire", LL004127_A,https://www.holidayfrancedirect.co.uk/holiday-rentals/LL004127_A/index.htm,Bedrooms 4, Sleeps 9,10/10,£475 to £560 pw
Breton house to let for holidays in Treffrin, BN002386,https://www.holidayfrancedirect.co.uk/holiday-rentals/BN002386/index.htm,Bedrooms 3, Sleeps 6,9.1/10,£595 to £600 pw
Unique fort with rooftop pool to let in Aude, RA006926,https://www.holidayfrancedirect.co.uk/holiday-rentals/RA006926/index.htm,Bedrooms 4, Sleeps 8,8,£2275 to £2500 pw
Large holiday let in rural Maine et Loire, LL005075,https://www.holidayfrancedirect.co.uk/holiday-rentals/LL005075/index.htm,Bedrooms 4, Sleeps 8,9.8/10,£1400 to £2400 pw
Cosy gite to let with a pool in Charante, PC007688,https://www.holidayfrancedirect.co.uk/holiday-rentals/PC007688/index.htm,Bedrooms 2, Sleeps 4,4,£480 to £680 pw
Holiday gite with pool near Souillac, ML006866,https://www.holidayfrancedirect.co.uk/holiday-rentals/ML006866/index.htm,Bedrooms 3, Sleeps 6,6,£360 to £890 pw
Lovely rural French gite to let in Madiran, MH005148,https://www.holidayfrancedirect.co.uk/holiday-rentals/MH005148/index.htm,Bedrooms 2, Sleeps 6,6,£550 to £1200 pw
Self catering holiday gite nr Manche, NM003994,https://www.holidayfrancedirect.co.uk/holiday-rentals/NM003994/index.htm,Bedrooms 1, Sleeps 2,9.5/10,£385 pw
"Characterful holiday gite & pool, Aquitaine", AT007406,https://www.holidayfrancedirect.co.uk/holiday-rentals/AT007406/index.htm,Bedrooms 3, Sleeps 6,6,£800 to £1400 pw
Large Farmhouse for 10 to let in Loire Valley, VE006744_A,https://www.holidayfrancedirect.co.uk/holiday-rentals/VE006744_A/index.htm,Bedrooms 5, Sleeps 10,10/10,£900 to £1700 pw
Rural Stone Cottage let in Correze Limousin, UO003476,https://www.holidayfrancedirect.co.uk/holiday-rentals/UO003476/index.htm,Bedrooms 2, Sleeps 4,9.9/10,£360 to £485 pw
"Apartment to let/pool, coast 11km nr Valbonne", CA005905,https://www.holidayfrancedirect.co.uk/holiday-rentals/CA005905/index.htm,Bedrooms 1, Sleeps 4,10/10,£480 to £850 pw
Holiday gite rental in Vendee village, LV001977_B,https://www.holidayfrancedirect.co.uk/holiday-rentals/LV001977_B/index.htm,Bedrooms 4, Sleeps 13,13,£320 to £650 pw
Holiday property to let in Languedoc, RG004321,https://www.holidayfrancedirect.co.uk/holiday-rentals/RG004321/index.htm,Bedrooms 2, Sleeps 5,8.8/10,£500 to £1400 pw
Cottage to let in tranquil rural Brittany, BI006329,https://www.holidayfrancedirect.co.uk/holiday-rentals/BI006329/index.htm,Bedrooms 2, Sleeps 4,9.8/10,£534 to £634 pw
Holiday cottage with pool in Western Loire, LV006634_A,https://www.holidayfrancedirect.co.uk/holiday-rentals/LV006634_A/index.htm,Bedrooms 2, Sleeps 4,9.7/10,£476 to £1155 pw
Beautiful gite to let with a pool in Vienne, PV007677_A,https://www.holidayfrancedirect.co.uk/holiday-rentals/PV007677_A/index.htm,Bedrooms 4, Sleeps 8,8,£650 to £950 pw
"Holiday gite in Brittany, shared pool", BI003636_B,https://www.holidayfrancedirect.co.uk/holiday-rentals/BI003636_B/index.htm,Bedrooms 1, Sleeps 3,3,£350 to £400 pw
Holiday cottage rental nr river in Morbihan, BM004861,https://www.holidayfrancedirect.co.uk/holiday-rentals/BM004861/index.htm,Bedrooms 2, Sleeps 4,9.8/10,£420 to £693 pw
Pretty holiday cottage to let in Brittany, BM005126,https://www.holidayfrancedirect.co.uk/holiday-rentals/BM005126/index.htm,Bedrooms 2, Sleeps 6,10/10,£450 to £650 pw
"Stunning gite to let, private pool, Aquitaine", AP007494,https://www.holidayfrancedirect.co.uk/holiday-rentals/AP007494/index.htm,Bedrooms 2, Sleeps 4,4,£450 to £690 pw
Pretty holiday cottage in Brittany, BM005400,https://www.holidayfrancedirect.co.uk/holiday-rentals/BM005400/index.htm,Bedrooms 2, Sleeps 4,9.9/10,£450 to £650 pw
"Holiday farmhouse for 8, Guegon, Brittany", BM005746,https://www.holidayfrancedirect.co.uk/holiday-rentals/BM005746/index.htm,Bedrooms 5, Sleeps 11,11,£734 to £1134 pw
"Gîte Camelia, Gites du Parc, Vendee", LV002900_A,https://www.holidayfrancedirect.co.uk/holiday-rentals/LV002900_A/index.htm,Bedrooms 6, Sleeps 12,9.8/10,€510 to €810 pw
Traditional holiday gite in Brittany, BM002941,https://www.holidayfrancedirect.co.uk/holiday-rentals/BM002941/index.htm,Bedrooms 4, Sleeps 8,10/10,£550 to £1460 pw
Holiday cottage with private pool near Duras, AT004899,https://www.holidayfrancedirect.co.uk/holiday-rentals/AT004899/index.htm,Bedrooms 3, Sleeps 5,5,£500 to £750 pw
Holiday gite with indoor pool in rural Vendee, LV005950,https://www.holidayfrancedirect.co.uk/holiday-rentals/LV005950/index.htm,Bedrooms 2, Sleeps 5,5,£495 to £763 pw
"Lovely gite for couples, Charente Maritime", PM005471,https://www.holidayfrancedirect.co.uk/holiday-rentals/PM005471/index.htm,Bedrooms 1, Sleeps 3,10/10,£280 to £510 pw
One of 4 gites for holiday let Vendee, LV003559_A,https://www.holidayfrancedirect.co.uk/holiday-rentals/LV003559_A/index.htm,Bedrooms 5, Sleeps 11,10/10,£950 to £2150 pw
Large holiday let with pool in rural Dordogne, AD005715,https://www.holidayfrancedirect.co.uk/holiday-rentals/AD005715/index.htm,Bedrooms 4, Sleeps 8,9.7/10,£1400 to £2200 pw
Large holiday gite in rural Aquitaine, AT005900,https://www.holidayfrancedirect.co.uk/holiday-rentals/AT005900/index.htm,Bedrooms 3, Sleeps 6,9.9/10,£575 to £1350 pw
A Cottage for family holiday rental Manche, NM003111,https://www.holidayfrancedirect.co.uk/holiday-rentals/NM003111/index.htm,Bedrooms 3, Sleeps 6,6,£820 to £1579 pw
Self catering farmhouse Brittany, BN003370,https://www.holidayfrancedirect.co.uk/holiday-rentals/BN003370/index.htm,Bedrooms 3, Sleeps 7,9.7/10,£431 to £536 pw
Cosy holiday gite for 2 in Aquitaine, AD004356_C,https://www.holidayfrancedirect.co.uk/holiday-rentals/AD004356_C/index.htm,Bedrooms 1, Sleeps 2,9.9/10,£300 to £525 pw
Holiday cottage rental Brittany coast 10 mins, BM000892_A,https://www.holidayfrancedirect.co.uk/holiday-rentals/BM000892_A/index.htm,Bedrooms 2, Sleeps 4,10/10,£350 to £575 pw
Traditional stone barn to let in Trebons, MH003951,https://www.holidayfrancedirect.co.uk/holiday-rentals/MH003951/index.htm,Bedrooms 1, Sleeps 2,2,£500 pw
Stylish 4* gite with pool in Lot et Garonne, AL006966,https://www.holidayfrancedirect.co.uk/holiday-rentals/AL006966/index.htm,Bedrooms 1, Sleeps 3,10/10,£675 to £850 pw
Lovely disabled,"friendly gite to let, Vienne ",https://www.holidayfrancedirect.co.uk/holiday-rentals/PV006790/index.htm,Bedrooms 5, Sleeps 10,10,£560 to £735 pw
Gite for holiday rental Manche, NM003331_A,https://www.holidayfrancedirect.co.uk/holiday-rentals/NM003331_A/index.htm,Bedrooms 2, Sleeps 7,9.7/10,£395 to £645 pw
Delightful Gite for holiday rental Orne, NO002993_A,https://www.holidayfrancedirect.co.uk/holiday-rentals/NO002993_A/index.htm,Bedrooms 1, Sleeps 3,10/10,£275 to £495 pw
Holiday cottage to let in rural Aquitaine, AT004952,https://www.holidayfrancedirect.co.uk/holiday-rentals/AT004952/index.htm,Bedrooms 2, Sleeps 4,10/10,£580 to £880 pw
Lakeside holiday home for rental in Correze, UH001907,https://www.holidayfrancedirect.co.uk/holiday-rentals/UH001907/index.htm,Bedrooms 4, Sleeps 8,9.5/10,£283 to £525 pw
Cottage to let in small Vendee village, LV004590,https://www.holidayfrancedirect.co.uk/holiday-rentals/LV004590/index.htm,Bedrooms 2, Sleeps 4,4,£300 to £350 pw
"Pretty gite to let in Tremolat, Dordogne", AD007400,https://www.holidayfrancedirect.co.uk/holiday-rentals/AD007400/index.htm,Bedrooms 1, Sleeps 2,2,£415 to £550 pw
Gite to let with a pool in the Vendee, LV007312,https://www.holidayfrancedirect.co.uk/holiday-rentals/LV007312/index.htm,Bedrooms 4, Sleeps 10,10,£580 to £1400 pw
Holiday farmhouse to rent near Dinan, BN001600_B,https://www.holidayfrancedirect.co.uk/holiday-rentals/BN001600_B/index.htm,Bedrooms 2, Sleeps 4,4,£350 to £450 pw
Roomy rural gite to let with pool nr Marmande, AT006567,https://www.holidayfrancedirect.co.uk/holiday-rentals/AT006567/index.htm,Bedrooms 2, Sleeps 5,10/10,£480 to £920 pw
Gite with shared pool in Languedoc, RA005532,https://www.holidayfrancedirect.co.uk/holiday-rentals/RA005532/index.htm,Bedrooms 3, Sleeps 6,6,£490 to £770 pw
Traditional holiday cottage to let near Lot, ML003980,https://www.holidayfrancedirect.co.uk/holiday-rentals/ML003980/index.htm,Bedrooms 3, Sleeps 6,10/10,£630 to £990 pw
"Holiday complex, pool and bar near Lamballe", BN002848_D,https://www.holidayfrancedirect.co.uk/holiday-rentals/BN002848_D/index.htm,Bedrooms 2, Sleeps 4,4,€1000 to €1850 pw
Renovated farmhouse to let in Dordogne, AD005864_D,https://www.holidayfrancedirect.co.uk/holiday-rentals/AD005864_D/index.htm,Bedrooms 2, Sleeps 4,4,€815 to €1235 pw
Character holiday house rural Loire Valley, VE006874,https://www.holidayfrancedirect.co.uk/holiday-rentals/VE006874/index.htm,Bedrooms 3, Sleeps 5,5,£665 pw
Holiday cottage with shared pool near Bourges, VR005402_A,https://www.holidayfrancedirect.co.uk/holiday-rentals/VR005402_A/index.htm,Bedrooms 3, Sleeps 6,6,€744 to €998 pw
Cosy and tranquil holiday cottage with pool, VI004679,https://www.holidayfrancedirect.co.uk/holiday-rentals/VI004679/index.htm,Bedrooms 2, Sleeps 4,9.7/10,£780 to £1195 pw
"Lovely small house, waters edge, Crozon", BF002860_D,https://www.holidayfrancedirect.co.uk/holiday-rentals/BF002860_D/index.htm,Bedrooms 8, Sleeps 18,18,£261 to £711 pw
Cottage for holiday let Pyrenees Atlantiques, AP003204,https://www.holidayfrancedirect.co.uk/holiday-rentals/AP003204/index.htm,Bedrooms 3, Sleeps 5,10/10,£1095 to £1250 pw
Holiday cottages/apartments to let nr Benodet, BF000236_H,https://www.holidayfrancedirect.co.uk/holiday-rentals/BF000236_H/index.htm,Bedrooms 2, Sleeps 5,5,€540 to €960 pw
Gite to let for holidays in rural Brittany, BN005190,https://www.holidayfrancedirect.co.uk/holiday-rentals/BN005190/index.htm,Bedrooms 2, Sleeps 4,9.3/10,£380 to £500 pw
Self catering gite in rural Western Loire, LS003541,https://www.holidayfrancedirect.co.uk/holiday-rentals/LS003541/index.htm,Bedrooms 2, Sleeps 4,10/10,£449 to £999 pw
"Stunning gite to let with pool, Midi Pyrenees", MT007464,https://www.holidayfrancedirect.co.uk/holiday-rentals/MT007464/index.htm,Bedrooms 1, Sleeps 2,2,£200 to £595 pw
Holiday cottage with large pool near Matha, PM006272,https://www.holidayfrancedirect.co.uk/holiday-rentals/PM006272/index.htm,Bedrooms 2, Sleeps 4,4,£295 to £795 pw
Pretty holiday Gite in Poitou,"Charente, pool ",https://www.holidayfrancedirect.co.uk/holiday-rentals/PC004496_B/index.htm,Bedrooms 5, Sleeps 11,9.8/10,£545 to £980 pw
"Tranquil gite with shared pool, Le Gicq", PM005651,https://www.holidayfrancedirect.co.uk/holiday-rentals/PM005651/index.htm,Bedrooms 3, Sleeps 6,10/10,£380 to £1120 pw
Stone farm cottage to let in rural Dordogne, AD003550,https://www.holidayfrancedirect.co.uk/holiday-rentals/AD003550/index.htm,Bedrooms 1, Sleeps 4,9.3/10,£450 to £565 pw
Lovely gite to let on complex in Charente, PC005856,https://www.holidayfrancedirect.co.uk/holiday-rentals/PC005856/index.htm,Bedrooms 5, Sleeps 11,11,£695 to £1800 pw
Large holiday cottage in rural Calvados, NC005640,https://www.holidayfrancedirect.co.uk/holiday-rentals/NC005640/index.htm,Bedrooms 4, Sleeps 8,10/10,£650 to £1100 pw
"Holiday home & pool, short walk to Les Eyzies", AD006131,https://www.holidayfrancedirect.co.uk/holiday-rentals/AD006131/index.htm,Bedrooms 2, Sleeps 4,9.9/10,£530 to £1270 pw
Holiday gite with heated pool in Loire Valley, LL007331,https://www.holidayfrancedirect.co.uk/holiday-rentals/LL007331/index.htm,Bedrooms 5, Sleeps 10,9.8/10,£1250 to £2350 pw
"Stylish 2 bedroom gite to let, rural Dordogne", AD007675,https://www.holidayfrancedirect.co.uk/holiday-rentals/AD007675/index.htm,Bedrooms 2, Sleeps 4,4,£875 to £2950 pw
"Large holiday gite with pool, rural Aquitaine", AT006034_A,https://www.holidayfrancedirect.co.uk/holiday-rentals/AT006034_A/index.htm,Bedrooms 6, Sleeps 12,10/10,£450 to £2100 pw
Holiday gite with large garden in Brittany, BN004377,https://www.holidayfrancedirect.co.uk/holiday-rentals/BN004377/index.htm,Bedrooms 7, Sleeps 16,9.3/10,£995 to £1320 pw
Holiday gite in Brittany, BM006279,https://www.holidayfrancedirect.co.uk/holiday-rentals/BM006279/index.htm,Bedrooms 2, Sleeps 4,4,£500 pw
Holiday cottage and pool to rent Brittany, BM002351_C,https://www.holidayfrancedirect.co.uk/holiday-rentals/BM002351_C/index.htm,Bedrooms 3, Sleeps 5,10/10,£490 to £1385 pw
"Holiday cottage, heated pool, in Brittany", BM007108,https://www.holidayfrancedirect.co.uk/holiday-rentals/BM007108/index.htm,Bedrooms 4, Sleeps 8,8,£995 to £1805 pw
Holiday rental & pool nr St Jean,d'Angély ,https://www.holidayfrancedirect.co.uk/holiday-rentals/PM000398_C/index.htm,Bedrooms 3, Sleeps 9,9,£850 to £1350 pw
Holiday cottage for rental in Brittany, BI003263,https://www.holidayfrancedirect.co.uk/holiday-rentals/BI003263/index.htm,Bedrooms 2, Sleeps 4,9.1/10,£425 to £595 pw
Holiday gite with a pool in the Vendee, LV007339,https://www.holidayfrancedirect.co.uk/holiday-rentals/LV007339/index.htm,Bedrooms 2, Sleeps 4,4,£835 pw
Self catering holiday gite nr Manche, NM003994,https://www.holidayfrancedirect.co.uk/holiday-rentals/NM003994/index.htm,Bedrooms 1, Sleeps 2,9.5/10,£385 pw
Holiday house in Brittany, BM007376,https://www.holidayfrancedirect.co.uk/holiday-rentals/BM007376/index.htm,Bedrooms 4, Sleeps 8,8,£450 to £850 pw
"Large holiday let with private pool, Dordogne", AD005635_B,https://www.holidayfrancedirect.co.uk/holiday-rentals/AD005635_B/index.htm,Bedrooms 4, Sleeps 8,8,£599 to £1599 pw
"Gite for couples to let, Midi Pyrenees", MH004549,https://www.holidayfrancedirect.co.uk/holiday-rentals/MH004549/index.htm,Bedrooms 1, Sleeps 2,10/10,£385 to £495 pw
"Renovated cottage in Cotes d'Armor, Brittany", BN003437,https://www.holidayfrancedirect.co.uk/holiday-rentals/BN003437/index.htm,Bedrooms 1, Sleeps 4,9.8/10,£350 to £570 pw
Cottage for holiday let Charente Maritime, PM003454,https://www.holidayfrancedirect.co.uk/holiday-rentals/PM003454/index.htm,Bedrooms 3, Sleeps 6,6.3/10,£616 to £1365 pw
"Well appointed couples holiday gite, Dordogne", AD006536,https://www.holidayfrancedirect.co.uk/holiday-rentals/AD006536/index.htm,Bedrooms 1, Sleeps 2,2,£300 to £400 pw
Holiday gite with pool in Brittany, BM007324,https://www.holidayfrancedirect.co.uk/holiday-rentals/BM007324/index.htm,Bedrooms 4, Sleeps 6,10/10,€550 to €850 pw
Cosy holiday gite for adults rural Normandy, NM006512,https://www.holidayfrancedirect.co.uk/holiday-rentals/NM006512/index.htm,Bedrooms 2, Sleeps 4,10/10,£469 to £525 pw
Lovely holiday cottage in Correze, UO005079,https://www.holidayfrancedirect.co.uk/holiday-rentals/UO005079/index.htm,Bedrooms 3, Sleeps 5,5,£350 to £500 pw
Tranquil cottage with own pool nr Saintes, PM003177,https://www.holidayfrancedirect.co.uk/holiday-rentals/PM003177/index.htm,Bedrooms 4, Sleeps 6,9.9/10,£1020 to £1360 pw
Village holiday gite in rural Dordogne, AD006516,https://www.holidayfrancedirect.co.uk/holiday-rentals/AD006516/index.htm,Bedrooms 4, Sleeps 7,7,£700 to £1595 pw
Spacious holiday gite to let in Deux Sevres, PS005838,https://www.holidayfrancedirect.co.uk/holiday-rentals/PS005838/index.htm,Bedrooms 2, Sleeps 4,4,£455 pw
Gite for holiday rental in Loire Valley, VI007690,https://www.holidayfrancedirect.co.uk/holiday-rentals/VI007690/index.htm,Bedrooms 2, Sleeps 4,4,£590 to £1050 pw
"Perigordian stone cottage to let, Aquitaine", AD007476_A,https://www.holidayfrancedirect.co.uk/holiday-rentals/AD007476_A/index.htm,Bedrooms 2, Sleeps 4,4,£560 to £900 pw
Holiday cottage with large pool near Matha, PM004717,https://www.holidayfrancedirect.co.uk/holiday-rentals/PM004717/index.htm,Bedrooms 2, Sleeps 4,4,£225 to £725 pw
"Stone cottage to let, views & pool, Aquitaine", AD007476_B,https://www.holidayfrancedirect.co.uk/holiday-rentals/AD007476_B/index.htm,Bedrooms 2, Sleeps 4,10/10,£530 to £870 pw
"Luxury gite to let, private pool, Dordogne", AD007719,https://www.holidayfrancedirect.co.uk/holiday-rentals/AD007719/index.htm,Bedrooms 1, Sleeps 2,2,£770 to £945 pw
Lovely cottage to let in Charente, PC006301,https://www.holidayfrancedirect.co.uk/holiday-rentals/PC006301/index.htm,Bedrooms 2, Sleeps 4,4,£360 pw
Barn Conversion to let in central Burgundy, GC005911,https://www.holidayfrancedirect.co.uk/holiday-rentals/GC005911/index.htm,Bedrooms 3, Sleeps 5,9.9/10,£550 to £650 pw
Holiday cottage to let in the Loire Valley, VI005054,https://www.holidayfrancedirect.co.uk/holiday-rentals/VI005054/index.htm,Bedrooms 2, Sleeps 4,9.8/10,£455 pw
Large property with pool near hamlet of Lage, PS004564,https://www.holidayfrancedirect.co.uk/holiday-rentals/PS004564/index.htm,Bedrooms 4, Sleeps 9,9.7/10,£750 to £1750 pw
Cottage for holiday rental Mayenne, LM003213,https://www.holidayfrancedirect.co.uk/holiday-rentals/LM003213/index.htm,Bedrooms 2, Sleeps 4,8.9/10,£420 pw
Rural holiday gite rental near Moncoutant, PS004762,https://www.holidayfrancedirect.co.uk/holiday-rentals/PS004762/index.htm,Bedrooms 2, Sleeps 4,9.5/10,£300 to £400 pw
"Holiday gite for 2 in rural Normandy, Orne", NO005308,https://www.holidayfrancedirect.co.uk/holiday-rentals/NO005308/index.htm,Bedrooms 1, Sleeps 2,9.4/10,£265 pw
Gite to let near Normandy Landing Beaches, NM005747,https://www.holidayfrancedirect.co.uk/holiday-rentals/NM005747/index.htm,Bedrooms 3, Sleeps 6,10/10,£525 to £885 pw
"La Grange, one of 2 gites, Charente Maritime", PM003662_A,https://www.holidayfrancedirect.co.uk/holiday-rentals/PM003662_A/index.htm,Bedrooms 6, Sleeps 12,12,£650 to £1700 pw
A Cottage for family holiday rental Manche, NM003111,https://www.holidayfrancedirect.co.uk/holiday-rentals/NM003111/index.htm,Bedrooms 3, Sleeps 6,6,£820 to £1579 pw
Lovely cottage to let with pool in Dordogne, AD007592,https://www.holidayfrancedirect.co.uk/holiday-rentals/AD007592/index.htm,Bedrooms 2, Sleeps 5,5,£1675 to £2220 pw
Luxury holiday gite with pool in Aquitaine, AT006134,https://www.holidayfrancedirect.co.uk/holiday-rentals/AT006134/index.htm,Bedrooms 2, Sleeps 5,10/10,£550 to £900 pw
Luxury gite with shared pool to let nr Cognac, PM005505,https://www.holidayfrancedirect.co.uk/holiday-rentals/PM005505/index.htm,Bedrooms 2, Sleeps 4,4,£540 to £865 pw
Aparment to let in Languedoc with shared pool, RH006044,https://www.holidayfrancedirect.co.uk/holiday-rentals/RH006044/index.htm,Bedrooms 2, Sleeps 4,10/10,£500 to £630 pw
Cosy Rural Holiday Gite to let in Brittany, BI005973_D,https://www.holidayfrancedirect.co.uk/holiday-rentals/BI005973_D/index.htm,Bedrooms 2, Sleeps 4,4,€580 to €790 pw
Pet friendly holiday Gite for 2 in Normandy, NM006987,https://www.holidayfrancedirect.co.uk/holiday-rentals/NM006987/index.htm,Bedrooms 1, Sleeps 2,10/10,£400 pw
Holiday cottage rental nr river in Morbihan, BM004861,https://www.holidayfrancedirect.co.uk/holiday-rentals/BM004861/index.htm,Bedrooms 2, Sleeps 4,9.8/10,£420 to £693 pw
Stone house and large pool in Deux Sevres, PS005219,https://www.holidayfrancedirect.co.uk/holiday-rentals/PS005219/index.htm,Bedrooms 7, Sleeps 15,10/10,£1800 to £2500 pw
Farmhouse to let in rural Normandy Calvados, NC005884,https://www.holidayfrancedirect.co.uk/holiday-rentals/NC005884/index.htm,Bedrooms 2, Sleeps 6,6,£595 pw
"Characterful holiday gite & pool, Aquitaine", AT007452,https://www.holidayfrancedirect.co.uk/holiday-rentals/AT007452/index.htm,Bedrooms 3, Sleeps 6,6,£650 to £1100 pw
"Holiday gite with pool, Limousin", US007579,https://www.holidayfrancedirect.co.uk/holiday-rentals/US007579/index.htm,Bedrooms 3, Sleeps 6,6,£1505 pw
Cottage to let in Brittany, BF004487,https://www.holidayfrancedirect.co.uk/holiday-rentals/BF004487/index.htm,Bedrooms 2, Sleeps 4,9.8/10,£180 to £290 pw
Large converted barn to let in Aquitaine, AD003896,https://www.holidayfrancedirect.co.uk/holiday-rentals/AD003896/index.htm,Bedrooms 4, Sleeps 9,10/10,£1200 to £1390 pw
"Large farmhouse & pool to let, Saint Savinien", PM007401,https://www.holidayfrancedirect.co.uk/holiday-rentals/PM007401/index.htm,Bedrooms 4, Sleeps 8,8,£1250 to £1995 pw
Stone House for let nr St Tropez, CV004164,https://www.holidayfrancedirect.co.uk/holiday-rentals/CV004164/index.htm,Bedrooms 3, Sleeps 6,6,£1750 to £1950 pw
"Stunning Rural Gite in Normandy, Orne", NO003444_B,https://www.holidayfrancedirect.co.uk/holiday-rentals/NO003444_B/index.htm,Bedrooms 3, Sleeps 8,10/10,£720 to £1120 pw
Seaside family gite rental 10km Bayeux, NC003265,https://www.holidayfrancedirect.co.uk/holiday-rentals/NC003265/index.htm,Bedrooms 3, Sleeps 6,9.2/10,€895 to €1595 pw
Holiday cottage rental in Brittany, BN000920_C,https://www.holidayfrancedirect.co.uk/holiday-rentals/BN000920_C/index.htm,Bedrooms 11, Sleeps 29,9.8/10,£400 to £2150 pw
Holiday cottage with pool in Lot village, ML006906,https://www.holidayfrancedirect.co.uk/holiday-rentals/ML006906/index.htm,Bedrooms 2, Sleeps 4,4,£1795 to £3000 pw
Holiday cottage with shared pool nr Poitiers, PV005062,https://www.holidayfrancedirect.co.uk/holiday-rentals/PV005062/index.htm,Bedrooms 1, Sleeps 2,9.8/10,£371 to £567 pw
Holiday cottage in rural Vendée, LV003857,https://www.holidayfrancedirect.co.uk/holiday-rentals/LV003857/index.htm,Bedrooms 2, Sleeps 4,4,£400 to £650 pw
"5 Bed Farmhouse to let, heated pool, Lot", ML007218,https://www.holidayfrancedirect.co.uk/holiday-rentals/ML007218/index.htm,Bedrooms 5, Sleeps 10,10,£1495 to £1950 pw
"Large Converted Barn for 10, to let nr Saumur", PV007250,https://www.holidayfrancedirect.co.uk/holiday-rentals/PV007250/index.htm,Bedrooms 4, Sleeps 10,10,£965 to £1900 pw
"Family friendly gite to let with pool, Brux", PV007709,https://www.holidayfrancedirect.co.uk/holiday-rentals/PV007709/index.htm,Bedrooms 2, Sleeps 4,4,£475 to £825 pw
Holiday rental & pool nr St Jean,d'Angély ,https://www.holidayfrancedirect.co.uk/holiday-rentals/PM000398_A/index.htm,Bedrooms 2, Sleeps 5,5,£700 to £950 pw
"Cottage to let in Cotes d'Armor, Brtittany", BN007484_B,https://www.holidayfrancedirect.co.uk/holiday-rentals/BN007484_B/index.htm,Bedrooms 3, Sleeps 6,6,£375 to £485 pw
Large Aquitaine holiday let with private pool, AD005215,https://www.holidayfrancedirect.co.uk/holiday-rentals/AD005215/index.htm,Bedrooms 4, Sleeps 8,10/10,£850 to £1200 pw
"Farmhouse & barn conversion to let, Aquitaine", AD007483,https://www.holidayfrancedirect.co.uk/holiday-rentals/AD007483/index.htm,Bedrooms 6, Sleeps 12,12,£1100 to £2400 pw
"Holiday cottage for 2, Puivert, Languedoc", RA007727,https://www.holidayfrancedirect.co.uk/holiday-rentals/RA007727/index.htm,Bedrooms 1, Sleeps 2,2,£400 pw
Holiday Gite with private pool in Vendee, LV006067,https://www.holidayfrancedirect.co.uk/holiday-rentals/LV006067/index.htm,Bedrooms 2, Sleeps 4,10/10,£450 to £950 pw
"Holiday rural gite, shared pool, near Gomene", BN004658,https://www.holidayfrancedirect.co.uk/holiday-rentals/BN004658/index.htm,Bedrooms 3, Sleeps 7,7,£620 to £965 pw
"Cottage, pool for holiday let in Brittany", BF002047_G,https://www.holidayfrancedirect.co.uk/holiday-rentals/BF002047_G/index.htm,Bedrooms 3, Sleeps 6,9.5/10,£425 to £1225 pw
Lovely gite to let with a pool in the Vendee, LV007718_A,https://www.holidayfrancedirect.co.uk/holiday-rentals/LV007718_A/index.htm,Bedrooms 2, Sleeps 4,4,€390 to €741 pw
Spacious gite to let with pool in Aquitaine, AG005818,https://www.holidayfrancedirect.co.uk/holiday-rentals/AG005818/index.htm,Bedrooms 4, Sleeps 6,9.9/10,€1200 to €1550 pw
Holiday cottage with pool in Brittany, BM005480,https://www.holidayfrancedirect.co.uk/holiday-rentals/BM005480/index.htm,Bedrooms 3, Sleeps 7,9.6/10,£1050 to £1680 pw
Holiday let & pool Loire Valley, VI004218_A,https://www.holidayfrancedirect.co.uk/holiday-rentals/VI004218_A/index.htm,Bedrooms 3, Sleeps 6,6,£595 to £1095 pw
Beautiful gite to let with a pool in Vienne, PV007685,https://www.holidayfrancedirect.co.uk/holiday-rentals/PV007685/index.htm,Bedrooms 5, Sleeps 10,10,£1050 to £1575 pw
Holiday cottage in Brittany, BN007565,https://www.holidayfrancedirect.co.uk/holiday-rentals/BN007565/index.htm,Bedrooms 2, Sleeps 4,4,£334 to £484 pw
Pretty gite for holiday let Vienne, PV003746,https://www.holidayfrancedirect.co.uk/holiday-rentals/PV003746/index.htm,Bedrooms 1, Sleeps 5,5,£650 pw
Holiday let set in Normandy manor's gounds, NC004781_A,https://www.holidayfrancedirect.co.uk/holiday-rentals/NC004781_A/index.htm,Bedrooms 3, Sleeps 7,9.7/10,€700 pw
Relaxing large gite to let in Brittany, BF007407,https://www.holidayfrancedirect.co.uk/holiday-rentals/BF007407/index.htm,Bedrooms 5, Sleeps 10,10,£425 to £799 pw
Lovely converted barn with pool in Charente, PC006897,https://www.holidayfrancedirect.co.uk/holiday-rentals/PC006897/index.htm,Bedrooms 5, Sleeps 10,10,£850 to £1950 pw
"Holiday barn to let nr Rostrenen, Brittany", BN002868,https://www.holidayfrancedirect.co.uk/holiday-rentals/BN002868/index.htm,Bedrooms 4, Sleeps 6,6,£300 to £480 pw
"Holiday cottage with shared pool, Aquitaine", AT007460,https://www.holidayfrancedirect.co.uk/holiday-rentals/AT007460/index.htm,Bedrooms 1, Sleeps 2,2,£480 to £595 pw
"Lovely gite with pool to let, Charente", PC006531,https://www.holidayfrancedirect.co.uk/holiday-rentals/PC006531/index.htm,Bedrooms 2, Sleeps 4,4,£450 to £585 pw
Lovely 1 bedroom gite to let in Aquitaine, AD004356_E,https://www.holidayfrancedirect.co.uk/holiday-rentals/AD004356_E/index.htm,Bedrooms 1, Sleeps 2,10/10,£330 to £600 pw
Self catering holiday cottage in Brittany, BI003960_B,https://www.holidayfrancedirect.co.uk/holiday-rentals/BI003960_B/index.htm,Bedrooms 1, Sleeps 3,3,£375 to £400 pw
"Holiday cottage for 2, near Albi", MT004965,https://www.holidayfrancedirect.co.uk/holiday-rentals/MT004965/index.htm,Bedrooms 1, Sleeps 2,9.9/10,£460 to £510 pw
Holiday cottage for 4 in rural Normandy, NM005381,https://www.holidayfrancedirect.co.uk/holiday-rentals/NM005381/index.htm,Bedrooms 2, Sleeps 4,10/10,£475 to £795 pw
"Spacious holiday house to let, rural Vendee", LV006299,https://www.holidayfrancedirect.co.uk/holiday-rentals/LV006299/index.htm,Bedrooms 5, Sleeps 10,9.8/10,£799 to £995 pw
Large holiday let with pool nr Bergerac, AT005397,https://www.holidayfrancedirect.co.uk/holiday-rentals/AT005397/index.htm,Bedrooms 5, Sleeps 12,9.4/10,£2000 to £2600 pw
Holiday cottage rental Brittany coast 10 mins, BM000892_C,https://www.holidayfrancedirect.co.uk/holiday-rentals/BM000892_C/index.htm,Bedrooms 3, Sleeps 4,10/10,£350 to £575 pw
Traditional gite to let in rural Normandy, NO004980,https://www.holidayfrancedirect.co.uk/holiday-rentals/NO004980/index.htm,Bedrooms 2, Sleeps 6,10/10,£300 to £550 pw
Beautiful gite to let with a pool in Vienne, PV007677_A,https://www.holidayfrancedirect.co.uk/holiday-rentals/PV007677_A/index.htm,Bedrooms 6, Sleeps 12,12,£450 to £950 pw
Lovely two bed gite to let in Charente, PC007189,https://www.holidayfrancedirect.co.uk/holiday-rentals/PC007189/index.htm,Bedrooms 2, Sleeps 4,4,£420 to £700 pw
Lovely Gite close to the Gironde and Coast, PM005665,https://www.holidayfrancedirect.co.uk/holiday-rentals/PM005665/index.htm,Bedrooms 3, Sleeps 6,10/10,£725 to £1195 pw
Cosy holiday cottage in rural setting, Indre ,https://www.holidayfrancedirect.co.uk/holiday-rentals/VE004547/index.htm,Bedrooms 2, Sleeps 4,9.7/10,£350 to £390 pw
Gite to let in Normandy/Pays de Loire, LS005012,https://www.holidayfrancedirect.co.uk/holiday-rentals/LS005012/index.htm,Bedrooms 4, Sleeps 9,9,£700 pw
Lovely holiday let with a pool in Macqueville, PM007707,https://www.holidayfrancedirect.co.uk/holiday-rentals/PM007707/index.htm,Bedrooms 6, Sleeps 12,12,£700 to £2800 pw
Large house with pool to let in Dordogne, AD007593,https://www.holidayfrancedirect.co.uk/holiday-rentals/AD007593/index.htm,Bedrooms 5, Sleeps 11,11,£3545 to £3975 pw
"Pretty Holiday Barn Conversion & pool, Cersay", PS007241,https://www.holidayfrancedirect.co.uk/holiday-rentals/PS007241/index.htm,Bedrooms 2, Sleeps 5,5,£595 to £750 pw
Holiday cottages to let in Normandy, NO007232,https://www.holidayfrancedirect.co.uk/holiday-rentals/NO007232/index.htm,Bedrooms 3, Sleeps 6,6,£536 to £902 pw
Holiday gite in rural Normandy Manche, NM006168,https://www.holidayfrancedirect.co.uk/holiday-rentals/NM006168/index.htm,Bedrooms 2, Sleeps 6,9.8/10,£595 to £650 pw
Gite for holiday rental in Brittany, BM003311,https://www.holidayfrancedirect.co.uk/holiday-rentals/BM003311/index.htm,Bedrooms 5, Sleeps 12,8.6/10,£900 to £1850 pw
Holiday cottage & pool to let nr Pont,Aven ,https://www.holidayfrancedirect.co.uk/holiday-rentals/BF002047_E/index.htm,Bedrooms 3, Sleeps 6,9.9/10,£425 to £1225 pw
Spacious gite to let in rural Normandy Manche, NM005963,https://www.holidayfrancedirect.co.uk/holiday-rentals/NM005963/index.htm,Bedrooms 3, Sleeps 6,8.1/10,£350 to £550 pw
Spacious holiday gite shared pool near Auch, MG006558,https://www.holidayfrancedirect.co.uk/holiday-rentals/MG006558/index.htm,Bedrooms 2, Sleeps 5,5,£460 to £760 pw
Holiday Gite with pools in Dordogne village, AD005888,https://www.holidayfrancedirect.co.uk/holiday-rentals/AD005888/index.htm,Bedrooms 2, Sleeps 4,4,£405 to £1160 pw
Coastal holiday let nr Caen & Cherbourg, NC004833,https://www.holidayfrancedirect.co.uk/holiday-rentals/NC004833/index.htm,Bedrooms 2, Sleeps 4,10/10,£490 to £770 pw
Lovely Holiday Gite to let in Southern Vendee, LV006948,https://www.holidayfrancedirect.co.uk/holiday-rentals/LV006948/index.htm,Bedrooms 2, Sleeps 4,4,£380 to £705 pw
Holiday Gites to let in rural Brittany, BM006042,https://www.holidayfrancedirect.co.uk/holiday-rentals/BM006042/index.htm,Bedrooms 2, Sleeps 5,10/10,£400 to £600 pw
Family gite accommodation nr St Jean,d'Angély ,https://www.holidayfrancedirect.co.uk/holiday-rentals/PM002197_D/index.htm,Bedrooms 3, Sleeps 6,6,£445 to £975 pw
"Cottage rental in Chateau grounds, Manche", NM001773_C,https://www.holidayfrancedirect.co.uk/holiday-rentals/NM001773_C/index.htm,Bedrooms 3, Sleeps 6,10/10,£390 to £460 pw
Holiday cottage easy access River Auvezere, AD003413,https://www.holidayfrancedirect.co.uk/holiday-rentals/AD003413/index.htm,Bedrooms 2, Sleeps 4,9.5/10,£445 to £545 pw
"House & gite to let with pool, Aquitaine", AD007678,https://www.holidayfrancedirect.co.uk/holiday-rentals/AD007678/index.htm,Bedrooms 5, Sleeps 10,10,£2250 to £2950 pw
"Large gite to let, shared pool, Deux Sevres", PS006101,https://www.holidayfrancedirect.co.uk/holiday-rentals/PS006101/index.htm,Bedrooms 4, Sleeps 10,10/10,£1435 pw
Deux Sevres holiday gite with private pool, PS004928,https://www.holidayfrancedirect.co.uk/holiday-rentals/PS004928/index.htm,Bedrooms 5, Sleeps 10,9.4/10,£1415 pw
"House for holiday lets, St Fraigne Charente", PC002603,https://www.holidayfrancedirect.co.uk/holiday-rentals/PC002603/index.htm,Bedrooms 3, Sleeps 7,9.3/10,£455 to £595 pw
Holiday house in Brittany, BM007376,https://www.holidayfrancedirect.co.uk/holiday-rentals/BM007376/index.htm,Bedrooms 4, Sleeps 8,8,£450 to £850 pw
Holiday cottage for 2 in Limousin, UO007581,https://www.holidayfrancedirect.co.uk/holiday-rentals/UO007581/index.htm,Bedrooms 1, Sleeps 2,2,£539 pw
Cottage for holiday rental Lot et Garonne, AT003076,https://www.holidayfrancedirect.co.uk/holiday-rentals/AT003076/index.htm,Bedrooms 2, Sleeps 5,10/10,£525 to £845 pw
5 bedroom Cottage for holiday rental Manche, NM003330,https://www.holidayfrancedirect.co.uk/holiday-rentals/NM003330/index.htm,Bedrooms 5, Sleeps 10,9.5/10,£1650 pw
Unique holiday gite in the Dordogne, AD006226,https://www.holidayfrancedirect.co.uk/holiday-rentals/AD006226/index.htm,Bedrooms 2, Sleeps 5,5,£400 to £900 pw
Holiday cottage in Rural Nord Pas de Calais, DP007196,https://www.holidayfrancedirect.co.uk/holiday-rentals/DP007196/index.htm,Bedrooms 3, Sleeps 6,6,£434 to £784 pw
Holiday cottage with private pool in Dordogne, AD005635_A,https://www.holidayfrancedirect.co.uk/holiday-rentals/AD005635_A/index.htm,Bedrooms 2, Sleeps 4,4,£499 to £999 pw
Holiday gite in medieval village of Tremolat, AD006493,https://www.holidayfrancedirect.co.uk/holiday-rentals/AD006493/index.htm,Bedrooms 2, Sleeps 4,9.8/10,£600 to £1200 pw
Holiday let with private pool Peaule Brittany, BM003163,https://www.holidayfrancedirect.co.uk/holiday-rentals/BM003163/index.htm,Bedrooms 4, Sleeps 8,9.7/10,£675 to £1625 pw
"Pretty gite to let in Tremolat, Dordogne", AD007400,https://www.holidayfrancedirect.co.uk/holiday-rentals/AD007400/index.htm,Bedrooms 1, Sleeps 2,2,£415 to £550 pw
Luxury gite with shared pool to let nr Cognac, PM005512,https://www.holidayfrancedirect.co.uk/holiday-rentals/PM005512/index.htm,Bedrooms 2, Sleeps 4,10/10,£540 to £865 pw
Lovely cottage to let with a pool in Normandy, NM007329,https://www.holidayfrancedirect.co.uk/holiday-rentals/NM007329/index.htm,Bedrooms 1, Sleeps 2,10/10,£250 to £395 pw
"Cottage let, heated pool & hot tub, Dordogne", AD007219,https://www.holidayfrancedirect.co.uk/holiday-rentals/AD007219/index.htm,Bedrooms 1, Sleeps 2,2,£630 to £950 pw
Holiday gite to let in manor grounds nr Najac, MN005369,https://www.holidayfrancedirect.co.uk/holiday-rentals/MN005369/index.htm,Bedrooms 2, Sleeps 4,10/10,£495 to £750 pw
"Holiday gite for 2 in rural & pool, Normandy", NM005324,https://www.holidayfrancedirect.co.uk/holiday-rentals/NM005324/index.htm,Bedrooms 1, Sleeps 2,10/10,£350 to £475 pw
"Beautiful stone gite with views, nr Montendre", PM006863,https://www.holidayfrancedirect.co.uk/holiday-rentals/PM006863/index.htm,Bedrooms 3, Sleeps 6,10/10,£2000 to £2200 pw
"Large holiday gite with pool, Normandy coast", NM005751,https://www.holidayfrancedirect.co.uk/holiday-rentals/NM005751/index.htm,Bedrooms 3, Sleeps 6,6,£1095 pw
Holiday Let with private pool in Aquitaine, AT004834,https://www.holidayfrancedirect.co.uk/holiday-rentals/AT004834/index.htm,Bedrooms 1, Sleeps 4,10/10,£350 to £500 pw
Private holiday cottage & pool in Aquitaine, AT006649,https://www.holidayfrancedirect.co.uk/holiday-rentals/AT006649/index.htm,Bedrooms 3, Sleeps 6,9.8/10,£650 to £1400 pw
Holiday house near to beaches in Normandy, NM007450,https://www.holidayfrancedirect.co.uk/holiday-rentals/NM007450/index.htm,Bedrooms 4, Sleeps 8,8,£800 to £920 pw
"Perigordian stone cottage to let, Aquitaine", AD007476_A,https://www.holidayfrancedirect.co.uk/holiday-rentals/AD007476_A/index.htm,Bedrooms 2, Sleeps 4,4,£560 to £900 pw
Farmhouse to let in Brittany, BF003894,https://www.holidayfrancedirect.co.uk/holiday-rentals/BF003894/index.htm,Bedrooms 3, Sleeps 6,9.5/10,£640 to £965 pw
Holiday gite for 4 in Normandy village, NM006359,https://www.holidayfrancedirect.co.uk/holiday-rentals/NM006359/index.htm,Bedrooms 2, Sleeps 4,9.5/10,£350 pw
Holiday gite set in Dordogne Vineyard, AD006949,https://www.holidayfrancedirect.co.uk/holiday-rentals/AD006949/index.htm,Bedrooms 2, Sleeps 4,9.9/10,£335 to £525 pw
Poolside gite for holidays in Charente, PC006588,https://www.holidayfrancedirect.co.uk/holiday-rentals/PC006588/index.htm,Bedrooms 2, Sleeps 4,10/10,£465 to £862 pw
Converted barn in Midi Pyrenees to let, ML004295,https://www.holidayfrancedirect.co.uk/holiday-rentals/ML004295/index.htm,Bedrooms 3, Sleeps 6,9.9/10,£355 to £990 pw
Cosy Cottage and pool to let rural Charente, PC007151,https://www.holidayfrancedirect.co.uk/holiday-rentals/PC007151/index.htm,Bedrooms 3, Sleeps 6,6,£505 to £630 pw
Breton holiday cottage to let in Brittany, BI003299,https://www.holidayfrancedirect.co.uk/holiday-rentals/BI003299/index.htm,Bedrooms 2, Sleeps 4,10/10,£534 to £634 pw
Holiday gite in Normandy with private pool, NM007043,https://www.holidayfrancedirect.co.uk/holiday-rentals/NM007043/index.htm,Bedrooms 3, Sleeps 8,8,£870 to £1270 pw
"Holiday let in Vendee, private heated pool", LV004874,https://www.holidayfrancedirect.co.uk/holiday-rentals/LV004874/index.htm,Bedrooms 2, Sleeps 6,9.7/10,£693 to £1150 pw
"Holiday house, 1 block to the sea, Cancale", BI007144,https://www.holidayfrancedirect.co.uk/holiday-rentals/BI007144/index.htm,Bedrooms 3, Sleeps 8,8,£590 to £955 pw
Holiday gites with pool for rental Dordogne, AD000161_C,https://www.holidayfrancedirect.co.uk/holiday-rentals/AD000161_C/index.htm,Bedrooms 17, Sleeps 40,40,£370 to £990 pw
"Riverbank Cottage to let, sleeps 5 in Coivert", PM007546,https://www.holidayfrancedirect.co.uk/holiday-rentals/PM007546/index.htm,Bedrooms 2, Sleeps 5,5,£485 to £574 pw
"Holiday let with heated pool, rural Aquitaine", AT005815,https://www.holidayfrancedirect.co.uk/holiday-rentals/AT005815/index.htm,Bedrooms 3, Sleeps 7,10/10,£675 to £1260 pw
Holiday gite for rental in Brittany, BN000450_A,https://www.holidayfrancedirect.co.uk/holiday-rentals/BN000450_A/index.htm,Bedrooms 8, Sleeps 15,15,£260 to £590 pw
Holiday cottage to let near the Vendee coast, LV006429,https://www.holidayfrancedirect.co.uk/holiday-rentals/LV006429/index.htm,Bedrooms 3, Sleeps 6,10/10,£400 to £895 pw
One of 2 Gites for holiday rental Dordogne, AD001654,https://www.holidayfrancedirect.co.uk/holiday-rentals/AD001654/index.htm,Bedrooms 3, Sleeps 6,10/10,£400 to £450 pw
One of seven cottages in St Jean,d'Angély ,https://www.holidayfrancedirect.co.uk/holiday-rentals/PM002399_G/index.htm,Bedrooms 4, Sleeps 8,8,£1170 to £1650 pw
Holiday cottages/apartments to let nr Benodet, BF000236_J,https://www.holidayfrancedirect.co.uk/holiday-rentals/BF000236_J/index.htm,Bedrooms 18, Sleeps 37,37,€480 to €1010 pw
Traditional gite for holidays in Brittany, BN007723_B,https://www.holidayfrancedirect.co.uk/holiday-rentals/BN007723_B/index.htm,Bedrooms 3, Sleeps 6,6,€540 to €615 pw
Lovely gite to let with a pool in Deux Sevres, PS007613,https://www.holidayfrancedirect.co.uk/holiday-rentals/PS007613/index.htm,Bedrooms 3, Sleeps 12,12,£2500 pw
Cottage for holiday rental Loire Atlantique, LA003049,https://www.holidayfrancedirect.co.uk/holiday-rentals/LA003049/index.htm,Bedrooms 2, Sleeps 4,10/10,£301 to £553 pw
"Beautiful stone gite with views, nr Montendre", PM006863,https://www.holidayfrancedirect.co.uk/holiday-rentals/PM006863/index.htm,Bedrooms 3, Sleeps 6,10/10,£2000 to £2200 pw
Gite with shared pool in Languedoc, RA005533,https://www.holidayfrancedirect.co.uk/holiday-rentals/RA005533/index.htm,Bedrooms 3, Sleeps 6,6,£560 to £840 pw
Holiday gite in Brittany, BI007432,https://www.holidayfrancedirect.co.uk/holiday-rentals/BI007432/index.htm,Bedrooms 2, Sleeps 4,4,£665 pw
Cottage for holiday let inBrittany, BM004184,https://www.holidayfrancedirect.co.uk/holiday-rentals/BM004184/index.htm,Bedrooms 3, Sleeps 6,10/10,£399 to £650 pw
Cottage to let in beautiful Normandy, NM007473,https://www.holidayfrancedirect.co.uk/holiday-rentals/NM007473/index.htm,Bedrooms 2, Sleeps 4,4,£560 pw
Large gite to let on complex in Charente, PC006033_B,https://www.holidayfrancedirect.co.uk/holiday-rentals/PC006033_B/index.htm,Bedrooms 4, Sleeps 10,10,£1120 to £1456 pw
Lovelyl cottage to let with pool in Dordogne, AD007591,https://www.holidayfrancedirect.co.uk/holiday-rentals/AD007591/index.htm,Bedrooms 3, Sleeps 6,6,£1675 to £2220 pw
Holiday Gite for 4 with pool nr Le Mans, LS007009,https://www.holidayfrancedirect.co.uk/holiday-rentals/LS007009/index.htm,Bedrooms 2, Sleeps 4,4,£525 to £1100 pw
Romantic holiday gite for 2 in rural Dordogne, AD006643,https://www.holidayfrancedirect.co.uk/holiday-rentals/AD006643/index.htm,Bedrooms 1, Sleeps 2,10/10,£450 pw
Family Holiday Gite to let in Gibourne, PM007079,https://www.holidayfrancedirect.co.uk/holiday-rentals/PM007079/index.htm,Bedrooms 4, Sleeps 9,9,£575 to £1325 pw
Holiday cottage rental Brittany coast 10 mins, BM000892_A,https://www.holidayfrancedirect.co.uk/holiday-rentals/BM000892_A/index.htm,Bedrooms 2, Sleeps 4,10/10,£350 to £575 pw
Holiday gite to let in Languedoc, RA004992,https://www.holidayfrancedirect.co.uk/holiday-rentals/RA004992/index.htm,Bedrooms 3, Sleeps 6,9.5/10,£499 to £1099 pw
Lovely gite with private terrace in Vienne, PV006822,https://www.holidayfrancedirect.co.uk/holiday-rentals/PV006822/index.htm,Bedrooms 2, Sleeps 4,10/10,£455 to £644 pw
Beautiful Brittany Farmhouse to let by a Lake, BN003616,https://www.holidayfrancedirect.co.uk/holiday-rentals/BN003616/index.htm,Bedrooms 4, Sleeps 8,8,£560 to £1120 pw
Manor and pool for holiday rental in Brittany, BM003947,https://www.holidayfrancedirect.co.uk/holiday-rentals/BM003947/index.htm,Bedrooms 5, Sleeps 10,9.6/10,£1050 to £1845 pw
Holiday cottage on complex in Brittany, BM006842,https://www.holidayfrancedirect.co.uk/holiday-rentals/BM006842/index.htm,Bedrooms 2, Sleeps 5,5,£460 to £935 pw
Village house in Languedoc to let, RH005468,https://www.holidayfrancedirect.co.uk/holiday-rentals/RH005468/index.htm,Bedrooms 3, Sleeps 5,9.9/10,£400 to £640 pw
Holiday cottage with large pool near Matha, PM004717,https://www.holidayfrancedirect.co.uk/holiday-rentals/PM004717/index.htm,Bedrooms 2, Sleeps 4,4,£225 to £725 pw
Breton farmhouse holiday lets Henanbihen, BN002509,https://www.holidayfrancedirect.co.uk/holiday-rentals/BN002509/index.htm,Bedrooms 6, Sleeps 11,8.4/10,£615 to £970 pw
Cosy Holiday Gite to let nr Combourg Brittany, BI005973_A,https://www.holidayfrancedirect.co.uk/holiday-rentals/BI005973_A/index.htm,Bedrooms 2, Sleeps 4,4,€650 to €880 pw
Cosy holiday gite for 2 in rural Aveyron, MV006133,https://www.holidayfrancedirect.co.uk/holiday-rentals/MV006133/index.htm,Bedrooms 1, Sleeps 2,10/10,£495 to £585 pw
Pretty Gite with shared pool near Riberac, PC004846_A,https://www.holidayfrancedirect.co.uk/holiday-rentals/PC004846_A/index.htm,Bedrooms 16, Sleeps 28,9.8/10,£450 to £1560 pw
Holiday cottage with pool in rural Aquitaine, AT005569,https://www.holidayfrancedirect.co.uk/holiday-rentals/AT005569/index.htm,Bedrooms 3, Sleeps 8,10/10,£995 to £1795 pw
"Holiday gite for couples, Tremolat, Dordogne", AD005942,https://www.holidayfrancedirect.co.uk/holiday-rentals/AD005942/index.htm,Bedrooms 1, Sleeps 2,9.6/10,£495 to £895 pw
Recently renovated gite in Charente Maritime, PM006985,https://www.holidayfrancedirect.co.uk/holiday-rentals/PM006985/index.htm,Bedrooms 4, Sleeps 8,8,£1260 pw
"Cottage to let with pool and views, Aquitaine", AP007392,https://www.holidayfrancedirect.co.uk/holiday-rentals/AP007392/index.htm,Bedrooms 2, Sleeps 4,4,£385 to £980 pw
Spacious holiday gite with pool near Brantome, AD006978,https://www.holidayfrancedirect.co.uk/holiday-rentals/AD006978/index.htm,Bedrooms 4, Sleeps 10,9.8/10,£900 to £1550 pw
Charming Gite to let in rural Normandy, NM003083,https://www.holidayfrancedirect.co.uk/holiday-rentals/NM003083/index.htm,Bedrooms 3, Sleeps 6,10/10,£434 to £634 pw
Gite for holiday rental in Brittany, BM003605,https://www.holidayfrancedirect.co.uk/holiday-rentals/BM003605/index.htm,Bedrooms 3, Sleeps 7,9.1/10,£400 to £695 pw
"Perigordian stone cottage to let, Aquitaine", AD007476_A,https://www.holidayfrancedirect.co.uk/holiday-rentals/AD007476_A/index.htm,Bedrooms 4, Sleeps 8,8,£530 to £900 pw
Converted barn to let with pool near Poitiers, PV006203,https://www.holidayfrancedirect.co.uk/holiday-rentals/PV006203/index.htm,Bedrooms 2, Sleeps 5,10/10,£560 to £840 pw
Peaceful holiday cottage in rural Normandy, NO004308,https://www.holidayfrancedirect.co.uk/holiday-rentals/NO004308/index.htm,Bedrooms 1, Sleeps 4,9.7/10,£250 to £380 pw
"Holiday house, 1 block to the sea, Cancale", BI007144,https://www.holidayfrancedirect.co.uk/holiday-rentals/BI007144/index.htm,Bedrooms 3, Sleeps 8,8,£590 to £955 pw
"Holiday gite in Noyal Pontivy, Brittany", BM006736,https://www.holidayfrancedirect.co.uk/holiday-rentals/BM006736/index.htm,Bedrooms 2, Sleeps 4,4,£409 to £559 pw
Large holiday gite & pool in rural Aquitaine, AT005499,https://www.holidayfrancedirect.co.uk/holiday-rentals/AT005499/index.htm,Bedrooms 4, Sleeps 10,9.7/10,£1680 pw
Large Cottage & pool to let Charente Maritime, PM007136_B,https://www.holidayfrancedirect.co.uk/holiday-rentals/PM007136_B/index.htm,Bedrooms 5, Sleeps 12,12,£375 to £750 pw
Holiday cottage in Brittany, BM006843,https://www.holidayfrancedirect.co.uk/holiday-rentals/BM006843/index.htm,Bedrooms 2, Sleeps 2,2,£430 to £830 pw
Gite for holiday rental in Western Loire, LS004063,https://www.holidayfrancedirect.co.uk/holiday-rentals/LS004063/index.htm,Bedrooms 3, Sleeps 6,6,£950 pw
"Cottage to let in Cotes d'Armor, Brtittany", BN007484_B,https://www.holidayfrancedirect.co.uk/holiday-rentals/BN007484_B/index.htm,Bedrooms 3, Sleeps 6,6,£375 to £485 pw
"Large holiday gite with pool, Midi Pyrenees", MT006002,https://www.holidayfrancedirect.co.uk/holiday-rentals/MT006002/index.htm,Bedrooms 3, Sleeps 9,9,£830 to £1465 pw
"Farmhouse, all year heated pool, Deux Sevres", PS006715,https://www.holidayfrancedirect.co.uk/holiday-rentals/PS006715/index.htm,Bedrooms 3, Sleeps 6,10/10,£700 to £1250 pw
Rose Cottage for rent in Mayenne, Sleeps 2 ,https://www.holidayfrancedirect.co.uk/holiday-rentals/LM003633_A/index.htm,Bedrooms 1, Sleeps 2,9.6/10,£440 pw
Holiday let with private pool in Dordogne, AD004832,https://www.holidayfrancedirect.co.uk/holiday-rentals/AD004832/index.htm,Bedrooms 3, Sleeps 7,7,£915 to £1395 pw
Holiday farmhouse with pool near Bordeaux, AG006472,https://www.holidayfrancedirect.co.uk/holiday-rentals/AG006472/index.htm,Bedrooms 4, Sleeps 9,9,£955 to £1335 pw
"Farmhouse to let, private pool, Midi Pyrenees", MN007633,https://www.holidayfrancedirect.co.uk/holiday-rentals/MN007633/index.htm,Bedrooms 4, Sleeps 7,7,£1050 to £1400 pw
Family gite with pool for holidays in Brossac, PC004917,https://www.holidayfrancedirect.co.uk/holiday-rentals/PC004917/index.htm,Bedrooms 3, Sleeps 10,10,£582 to £1200 pw
Lovely cottage to let with pool in Dordogne, AD007595,https://www.holidayfrancedirect.co.uk/holiday-rentals/AD007595/index.htm,Bedrooms 4, Sleeps 8,8,£1815 to £2520 pw
Lovely cottage to let with a pool in Normandy, NM007329,https://www.holidayfrancedirect.co.uk/holiday-rentals/NM007329/index.htm,Bedrooms 1, Sleeps 2,10/10,£250 to £395 pw
Riverside holiday cottage to rent in Brittany, BM001157,https://www.holidayfrancedirect.co.uk/holiday-rentals/BM001157/index.htm,Bedrooms 2, Sleeps 6,9.5/10,£395 to £550 pw
Barn conversion in Lot for holiday rental, ML004096,https://www.holidayfrancedirect.co.uk/holiday-rentals/ML004096/index.htm,Bedrooms 3, Sleeps 8,9.8/10,£650 to £1200 pw
"Apartment to let, sleeps 4, Limousin", UH007237,https://www.holidayfrancedirect.co.uk/holiday-rentals/UH007237/index.htm,Bedrooms 2, Sleeps 4,10/10,£500 to £600 pw
Rural Stone Cottage let in Correze Limousin, UO003476,https://www.holidayfrancedirect.co.uk/holiday-rentals/UO003476/index.htm,Bedrooms 2, Sleeps 4,9.9/10,£360 to £485 pw
"Pretty gite to let in Tremolat, Dordogne", AD007400,https://www.holidayfrancedirect.co.uk/holiday-rentals/AD007400/index.htm,Bedrooms 1, Sleeps 2,2,£415 to £550 pw
Family gite near sandy beaches in Finistere, BF005897,https://www.holidayfrancedirect.co.uk/holiday-rentals/BF005897/index.htm,Bedrooms 2, Sleeps 4,4,£250 to £430 pw
"Lovely gite to let in quiet hamlet, Brittany", BN007437,https://www.holidayfrancedirect.co.uk/holiday-rentals/BN007437/index.htm,Bedrooms 3, Sleeps 6,6,£450 to £750 pw
Holiday cottage to rent in Brittany, BM002070_A,https://www.holidayfrancedirect.co.uk/holiday-rentals/BM002070_A/index.htm,Bedrooms 4, Sleeps 8,8,£495 to £1150 pw
Holiday let with pool in rural Western Loire, LL005072_C,https://www.holidayfrancedirect.co.uk/holiday-rentals/LL005072_C/index.htm,Bedrooms 2, Sleeps 4,9.6/10,€495 to €675 pw
"Gite for 7 with pool in St Fraigne, Charente", PC007204,https://www.holidayfrancedirect.co.uk/holiday-rentals/PC007204/index.htm,Bedrooms 3, Sleeps 7,7,£900 to £1250 pw
Holiday cottage in Brittany, BM007540,https://www.holidayfrancedirect.co.uk/holiday-rentals/BM007540/index.htm,Bedrooms 2, Sleeps 5,9.2/10,£350 to £450 pw
"Holiday cottage in Brittany, pets welcome", BM004940,https://www.holidayfrancedirect.co.uk/holiday-rentals/BM004940/index.htm,Bedrooms 1, Sleeps 2,8.5/10,£220 to £400 pw
Holiday house to rent in Brittany, BF002650,https://www.holidayfrancedirect.co.uk/holiday-rentals/BF002650/index.htm,Bedrooms 3, Sleeps 8,8,£400 to £800 pw
Luxury farmhouse to let + pool in Aquitaine, AD004608,https://www.holidayfrancedirect.co.uk/holiday-rentals/AD004608/index.htm,Bedrooms 3, Sleeps 6,9.2/10,£1050 to £1395 pw
Holiday rental & pool nr St Jean,d'Angély ,https://www.holidayfrancedirect.co.uk/holiday-rentals/PM000398_C/index.htm,Bedrooms 7, Sleeps 18,18,£500 to £1350 pw
Gite with Shared Pool for Holiday in Brittany, BM002903_B,https://www.holidayfrancedirect.co.uk/holiday-rentals/BM002903_B/index.htm,Bedrooms 5, Sleeps 12,9.4/10,€1195 to €2525 pw
"Spacious gite with pool to let, Chavenat", PC004232,https://www.holidayfrancedirect.co.uk/holiday-rentals/PC004232/index.htm,Bedrooms 2, Sleeps 6,6,£440 to £1075 pw
Holiday let in rural Vendee orchard setting, LV004879,https://www.holidayfrancedirect.co.uk/holiday-rentals/LV004879/index.htm,Bedrooms 2, Sleeps 5,5,£300 to £525 pw
"Characterful holiday gite & pool, Aquitaine", AT007406,https://www.holidayfrancedirect.co.uk/holiday-rentals/AT007406/index.htm,Bedrooms 3, Sleeps 6,6,£800 to £1400 pw
"Gite to let, 23ft heated pool, Midi Pyrenees", MN004257,https://www.holidayfrancedirect.co.uk/holiday-rentals/MN004257/index.htm,Bedrooms 3, Sleeps 6,10/10,£500 to £1600 pw
"Holiday gite & pool, fishing lake, Limousin", UH004639,https://www.holidayfrancedirect.co.uk/holiday-rentals/UH004639/index.htm,Bedrooms 2, Sleeps 6,9.6/10,£475 to £675 pw
"Pretty gite to let with rural views, Tarn", MT007524,https://www.holidayfrancedirect.co.uk/holiday-rentals/MT007524/index.htm,Bedrooms 2, Sleeps 4,4,£350 to £550 pw
Gite with shared pool in Languedoc, RA005532,https://www.holidayfrancedirect.co.uk/holiday-rentals/RA005532/index.htm,Bedrooms 3, Sleeps 6,6,£490 to £770 pw
"Pretty holiday cottage to rent/B&B, St Dolay", BM001210,https://www.holidayfrancedirect.co.uk/holiday-rentals/BM001210/index.htm,Bedrooms 2, Sleeps 5,9.8/10,£450 pw
"Holiday cottage with shared pool, Brittany", BM006538,https://www.holidayfrancedirect.co.uk/holiday-rentals/BM006538/index.htm,Bedrooms 3, Sleeps 6,9.3/10,£420 to £700 pw
Large gite to let in Charente Maritime, PM005726,https://www.holidayfrancedirect.co.uk/holiday-rentals/PM005726/index.htm,Bedrooms 4, Sleeps 8,8,£500 to £1200 pw
Holiday cottage in Brittany, BM005437,https://www.holidayfrancedirect.co.uk/holiday-rentals/BM005437/index.htm,Bedrooms 4, Sleeps 8,7.7/10,£795 to £1295 pw
Beautiful house set in rural Poitou Charente, PM003585,https://www.holidayfrancedirect.co.uk/holiday-rentals/PM003585/index.htm,Bedrooms 3, Sleeps 8,9.8/10,£675 to £775 pw
"Cottage to let in Brittany, Quistinic 5km", BM003431_A,https://www.holidayfrancedirect.co.uk/holiday-rentals/BM003431_A/index.htm,Bedrooms 2, Sleeps 4,9.9/10,£350 to £570 pw
Beautiful Village House to Let in Migron, PM003681_A,https://www.holidayfrancedirect.co.uk/holiday-rentals/PM003681_A/index.htm,Bedrooms 6, Sleeps 13,9.3/10,£295 to £1425 pw
Lovely gite for couples to let in Charente, PC006306,https://www.holidayfrancedirect.co.uk/holiday-rentals/PC006306/index.htm,Bedrooms 1, Sleeps 2,2,£350 pw
"Cottage with pool to let nr Le Mans, Loire", LS006939,https://www.holidayfrancedirect.co.uk/holiday-rentals/LS006939/index.htm,Bedrooms 3, Sleeps 6,6,£575 to £1200 pw
Self catering holiday home with pool nr Gard, RG004074,https://www.holidayfrancedirect.co.uk/holiday-rentals/RG004074/index.htm,Bedrooms 7, Sleeps 11,11,£1330 to £1540 pw
Apartment for holiday rental in Vienne, PV002955,https://www.holidayfrancedirect.co.uk/holiday-rentals/PV002955/index.htm,Bedrooms 1, Sleeps 4,10/10,£495 to £545 pw
Spacious holiday property near Cahors, ML006893,https://www.holidayfrancedirect.co.uk/holiday-rentals/ML006893/index.htm,Bedrooms 3, Sleeps 8,8,£700 to £1650 pw
Holiday cottages to let in Normandy, NO007230,https://www.holidayfrancedirect.co.uk/holiday-rentals/NO007230/index.htm,Bedrooms 1, Sleeps 2,2,£399 to £536 pw
"Rural Gite in Vendee, heated pool for rental", LV005671,https://www.holidayfrancedirect.co.uk/holiday-rentals/LV005671/index.htm,Bedrooms 2, Sleeps 4,10/10,£475 to £665 pw
"Lavendar gite in Cotes d'Armor, self catering", BN003895_A,https://www.holidayfrancedirect.co.uk/holiday-rentals/BN003895_A/index.htm,Bedrooms 2, Sleeps 6,10/10,£645 to £675 pw
"Stone house with large private pool, Charente", PC005843,https://www.holidayfrancedirect.co.uk/holiday-rentals/PC005843/index.htm,Bedrooms 3, Sleeps 6,9.9/10,£1075 to £1350 pw
Restored Water Mill to let in Deux Sevres, PS005964,https://www.holidayfrancedirect.co.uk/holiday-rentals/PS005964/index.htm,Bedrooms 3, Sleeps 6,10/10,£495 to £1395 pw
Gite for holiday rental shared pool nr Matha, PM002983_B,https://www.holidayfrancedirect.co.uk/holiday-rentals/PM002983_B/index.htm,Bedrooms 2, Sleeps 5,5,£400 to £905 pw
Cottage for three to let in Callac Brittany, BN006502,https://www.holidayfrancedirect.co.uk/holiday-rentals/BN006502/index.htm,Bedrooms 1, Sleeps 3,3,£350 to £490 pw
