title,wordpress url,author,author url,date published
Firefox 2.0.0.14 security and stability update now available for download,https://blog.mozilla.org/blog/2008/04/16/firefox-2-0-0-14-security-and-stability-update-now-available-for-download/,Paul Kim,https://blog.mozilla.org/blog/author/pkimmozillacom/,2008-04-16 16:06:58-07:00
"Alô, alô Mozilla, aquele abraço!",https://blog.mozilla.org/blog/2008/04/11/mozilla-coming-to-brazil/,Mary Colvig,https://blog.mozilla.org/blog/author/marymozillacom/,2008-04-11 13:56:22-07:00
Join us for Mozilla’s first Support Day!,https://blog.mozilla.org/blog/2008/04/08/join-us-on-our-first-sumo-day/,David Tenser,https://blog.mozilla.org/blog/author/dtensermozillacom/,2008-04-08 13:57:46-07:00
Firefox 3 Beta 5 Released!,https://blog.mozilla.org/blog/2008/04/02/firefox-3-beta-5-released/,Melissa Shapiro,https://blog.mozilla.org/blog/author/mshapiromozillacom/,2008-04-02 10:29:02-07:00
Firefox 3 T-shirt Design Contest: Winners!,https://blog.mozilla.org/blog/2008/03/31/firefox-3-t-shirt-design-contest-winners/,tshahian,https://blog.mozilla.org/blog/author/tshahianmozillacom/,2008-03-31 15:30:16-07:00
10 Years of Mozilla!,https://blog.mozilla.org/blog/2008/03/31/10-years-of-mozilla/,Mary Colvig,https://blog.mozilla.org/blog/author/marymozillacom/,2008-03-31 12:01:00-07:00
Special Edition of Air Mozilla Live:  10 Years of Mozilla!,https://blog.mozilla.org/blog/2008/03/28/special-edition-of-air-mozilla-live-10-years-of-mozilla/,Mary Colvig,https://blog.mozilla.org/blog/author/marymozillacom/,2008-03-28 19:52:26-07:00
"Mozilla Add-ons Site Redesigned, Available Now",https://blog.mozilla.org/blog/2008/03/27/mozilla-add-ons-site-redesigned-available-now/,Paul Kim,https://blog.mozilla.org/blog/author/pkimmozillacom/,2008-03-27 06:58:31-07:00
Firefox 3 T-Shirt Design Contest – Vote Now!,https://blog.mozilla.org/blog/2008/03/24/firefox-3-t-shirt-design-contest-vote-now/,tshahian,https://blog.mozilla.org/blog/author/tshahianmozillacom/,2008-03-24 12:24:42-07:00
Firefox 3 T-Shirt Design Contest:              The Clock is Ticking!,https://blog.mozilla.org/blog/2008/03/13/firefox-3-t-shirt-design-contest-the-clock-is-ticking/,tshahian,https://blog.mozilla.org/blog/author/tshahianmozillacom/,2008-03-13 18:50:11-07:00
Firefox 3 Beta 4 Out!,https://blog.mozilla.org/blog/2008/03/10/firefox-3-beta-4-out/,Mary Colvig,https://blog.mozilla.org/blog/author/marymozillacom/,2008-03-10 17:39:42-07:00
500 million Firefox downloads: complete; 500 million grains: in progress,https://blog.mozilla.org/blog/2008/02/21/500-million-firefox-downloads-complete-500-million-grains-in-progress/,Mary Colvig,https://blog.mozilla.org/blog/author/marymozillacom/,2008-02-21 19:22:48-08:00
Bay Area Techies: Help Schools with Your Old Hardware and Free Software,https://blog.mozilla.org/blog/2008/02/20/bay-area-techies-help-schools-with-your-old-hardware-and-free-software/,Melissa Shapiro,https://blog.mozilla.org/blog/author/mshapiromozillacom/,2008-02-20 18:21:24-08:00
Firefox 3 T-Shirt Design Contest!,https://blog.mozilla.org/blog/2008/02/20/firefox-3-t-shirt-design-contest/,tshahian,https://blog.mozilla.org/blog/author/tshahianmozillacom/,2008-02-20 18:09:21-08:00
Air Mozilla Live:  Mozilla Messaging & Firefox 3’s Native Themes,https://blog.mozilla.org/blog/2008/02/19/air-mozilla-live-mozilla-messaging-firefox-3%e2%80%99s-native-themes/,Mary Colvig,https://blog.mozilla.org/blog/author/marymozillacom/,2008-02-19 15:32:06-08:00
Mozilla Messaging Up and Running,https://blog.mozilla.org/blog/2008/02/19/mozilla-messaging-up-and-running/,Melissa Shapiro,https://blog.mozilla.org/blog/author/mshapiromozillacom/,2008-02-19 12:10:32-08:00
Firefox 3 Beta 3 released,https://blog.mozilla.org/blog/2008/02/12/firefox-3-beta-3-released/,Melissa Shapiro,https://blog.mozilla.org/blog/author/mshapiromozillacom/,2008-02-12 18:48:21-08:00
Announcing the Extend Firefox 2 Winners,https://blog.mozilla.org/blog/2008/02/12/announcing-the-extend-firefox-2-winners/,Rhian Baker,https://blog.mozilla.org/blog/author/rbakermozillacom/,2008-02-12 14:50:50-08:00
Tomorrow’s Air Mozilla:  John Lilly & Mitchell Baker,https://blog.mozilla.org/blog/2008/01/08/tomorrows-air-mozilla-john-lilly-mitchell-baker/,Mary Colvig,https://blog.mozilla.org/blog/author/marymozillacom/,2008-01-08 17:06:58-08:00
John Lilly Appointed CEO,https://blog.mozilla.org/blog/2008/01/07/john-lilly-appointed-ceo/,Melissa Shapiro,https://blog.mozilla.org/blog/author/mshapiromozillacom/,2008-01-07 20:06:50-08:00
Firefox 3 Beta 2 released,https://blog.mozilla.org/blog/2007/12/18/firefox-3-beta-2-released/,Melissa Shapiro,https://blog.mozilla.org/blog/author/mshapiromozillacom/,2007-12-18 23:55:28-08:00
Operation Firefox:  The results are in!,https://blog.mozilla.org/blog/2007/12/18/operation-firefox-mission-accomplished/,Mary Colvig,https://blog.mozilla.org/blog/author/marymozillacom/,2007-12-18 15:36:33-08:00
For the Record,https://blog.mozilla.org/blog/2007/12/06/for-the-record/,Asa Dotzler,https://blog.mozilla.org/blog/author/asamozillacom/,2007-12-06 04:46:08-08:00
Air Mozilla Live Returns this Wednesday at 2PM PST (UTC-8),https://blog.mozilla.org/blog/2007/11/27/air-mozilla-live-returns-this-wednesday-at-2pm-pst-utc-8/,Asa Dotzler,https://blog.mozilla.org/blog/author/asamozillacom/,2007-11-27 14:48:38-08:00
Firefox 3 Beta 1 Ready for Testing,https://blog.mozilla.org/blog/2007/11/20/firefox-3-beta-1-ready-for-testing/,Melissa Shapiro,https://blog.mozilla.org/blog/author/mshapiromozillacom/,2007-11-20 01:00:33-08:00
Greetings from Argentina!,https://blog.mozilla.org/blog/2007/11/07/greetings-from-argentina/,Mary Colvig,https://blog.mozilla.org/blog/author/marymozillacom/,2007-11-07 17:32:37-08:00
Extend Firefox 2 is Here!,https://blog.mozilla.org/blog/2007/10/25/extend-firefox-2-is-here/,Rhian Baker,https://blog.mozilla.org/blog/author/rbakermozillacom/,2007-10-25 13:02:42-07:00
Your Mission:  Spread Firefox One Giant Sticker at a Time,https://blog.mozilla.org/blog/2007/10/23/your-mission-spread-firefox-one-giant-sticker-at-a-time/,Andrew Stein,https://blog.mozilla.org/blog/author/asteinmozillacom/,2007-10-23 10:29:29-07:00
Ciao from Italy – An Introduction to Mozilla Italia,https://blog.mozilla.org/blog/2007/10/16/ciao-from-italy-an-introduction-to-mozilla-italia/,Mary Colvig,https://blog.mozilla.org/blog/author/marymozillacom/,2007-10-16 10:48:00-07:00
"Air Mozilla Live this Wednesday – Window Snyder, Mozilla Security",https://blog.mozilla.org/blog/2007/10/09/air-mozilla-live-this-wednesday-window-snyder-mozilla-security/,Mary Colvig,https://blog.mozilla.org/blog/author/marymozillacom/,2007-10-09 15:28:27-07:00
Special Edition of Air Mozilla:  Mitchell Baker and David Ascher,https://blog.mozilla.org/blog/2007/09/18/special-edition-of-air-mozilla-mitchell-baker-and-david-ascher/,Mary Colvig,https://blog.mozilla.org/blog/author/marymozillacom/,2007-09-18 17:28:49-07:00
Mozilla’s New Focus on Thunderbird and Internet Communications,https://blog.mozilla.org/blog/2007/09/18/mozillas-new-focus-on-thunderbird-and-internet-communications/,Paul Kim,https://blog.mozilla.org/blog/author/pkimmozillacom/,2007-09-18 07:49:57-07:00
Mozilla 24 is LIVE!,https://blog.mozilla.org/blog/2007/09/15/mozilla-24-is-live/,Mary Colvig,https://blog.mozilla.org/blog/author/marymozillacom/,2007-09-15 00:37:00-07:00
Count down to Mozilla 24!,https://blog.mozilla.org/blog/2007/09/10/count-down-to-mozilla-24/,Mary Colvig,https://blog.mozilla.org/blog/author/marymozillacom/,2007-09-10 12:26:50-07:00
Four Hundred Million Firefox Downloads,https://blog.mozilla.org/blog/2007/09/07/four-hundred-million-firefox-downloads/,Paul Kim,https://blog.mozilla.org/blog/author/pkimmozillacom/,2007-09-07 13:50:16-07:00
Catch Air Mozilla this Wednesday,https://blog.mozilla.org/blog/2007/09/04/catch-air-mozilla-this-wednesday/,Mary Colvig,https://blog.mozilla.org/blog/author/marymozillacom/,2007-09-04 19:01:39-07:00
