,name,short_description,website,phone,map_link,address,features,rating,reviews
0,Grace 40,Cafes and Coffee Shops,https://www.facebook.com/Grace-40-513267219079094,07786 367880 ,/biz/grace-40-bromley-9271964/#view=map,"We serve London|Bromley,BR1","Specialist Coffee Shops, Lunches, Sandwiches, Breakfasts, Hot Food, Takeaway Food",5.0,3 Ratings
1,Angelique Coffee Ltd,Coffee Machines and Supplies,/customerneeds/sendenquiry/sendtoone/100040791310000020?searchedLocation=London,020 7157 9515 ,/biz/angelique-coffee-ltd-london-10077027/#view=map,"Kemp House, 152-160, City Rd, London, EC1V 2NX","Traditional Espresso Machine, Rental From Â£2.50 Per Day, Bean To Cup Specialist, Coffe Machines For Offices, Vending Machine Sales / Lease, Organic & Fairtrade Coffee",5.0,2 Ratings
2,Familydeli,Food and Drink - Delivered,/customerneeds/sendenquiry/sendtoone/100040795548000040?searchedLocation=London,01733 209678 ,,We serve London,"Family To Family, Fast Delivery, Organic Food & Beverages, Gluten Free Vegan & Vegetarian, Lowest Prices Online, Award Winning Food & Drink",5.0,1 Rating
3,Pistachios in the Park - Red Lion Cafe,Cafes and Coffee Shops,/customerneeds/sendenquiry/sendtoone/100040802333000020?searchedLocation=London,020 3116 0024 ,/biz/pistachios-in-the-park-red-lion-cafe-london-10157372/#view=map,"Red Lion Square Gardens, London, WC1R 4QH","Burgers, Hot Dogs & Barbecue, Coffee,Soft Drinks & Hot Drink, Chilean Food, Jacket Potatoes & Sandwiches, Outdoor & Indoor Seating, Free Wi Fi Available",,
4,St Anna,Cafes and Coffee Shops,https://www.facebook.com/st.anna.chelsea/,020 7751 5893 ,/biz/st-anna-london-9076429/#view=map,"453 Fulham Rd, London, SW10 9UZ","Independent Coffee Shop, Artisan Coffee, Locally Roasted, Paninis, Pastries, Sandwiches, Art On Display For Sale, Friendly Efficient Service",5.0,1 Rating
5,BlueBox.,Cafes and Coffee Shops,/customerneeds/sendenquiry/sendtoone/100040664411000040?searchedLocation=London,020 3675 5173 ,/biz/bluebox-london-9741228/#view=map,"1386 High Rd, London, N20 9BH","Healthy Food Options, Low Carb, Refined Sugar Free, Gluten Free, Vegan, Freshly Home Made Food, Childrens Play Area, Order Online For Collection",,
6,Algerian Coffee Stores Ltd,Tea and Coffee Specialist Shops,http://www.algcoffee.co.uk,020 7437 2480 ,/biz/algerian-coffee-stores-ltd-london-508535/#view=map,"52 Old Compton St, London, W1D 4PB",,4.8,4 Ratings
7,Maison Bertaux Ltd,Cafes and Coffee Shops,http://www.maisonbertaux.com,020 7437 6007 ,/biz/maison-bertaux-ltd-london-306850/#view=map,"28 Greek St, London, W1D 5DQ",,4.6,12 Ratings
8,Canela Covent Garden Ltd,Cafes and Coffee Shops,http://www.canelacafe.com,020 7240 6926 ,/biz/canela-covent-garden-ltd-london-3622449/#view=map,"33 Earlham St, London, WC2H 9LS",,4.1,14 Ratings
9,Monmouth Coffee Co.Ltd,Cafes and Coffee Shops,http://www.monmouthcoffee.co.uk,020 7232 3010 ,/biz/monmouth-coffee-co-ltd-london-2479519/#view=map,"27 Monmouth St, London, WC2H 9DD",,4.5,18 Ratings
10,Milk Bar,Cafes and Coffee Shops,http://www.milkbarsoho.co.uk,020 7287 4796 ,/biz/milk-bar-london-5337642/#view=map,"3 Bateman St, London, W1D 4AG",,4.0,6 Ratings
11,Tunnel Meal,Cafes and Coffee Shops,http://www.tunnelmeals.co.uk,020 7839 6116 ,/biz/tunnel-meal-london-6372030/#view=map,"12 The Arches Villiers St, London, WC2N 6NG",,5.0,3 Ratings
12,Fernandez & Wells,Cafes and Coffee Shops,http://www.fernandezandwells.com,020 7287 8124 ,/biz/fernandez-and-wells-london-5115063/#view=map,"73 Beak St, London, W1F 9SR",,4.7,9 Ratings
13,Pret a Manger,Cafes and Coffee Shops,https://www.pret.co.uk,020 7932 5248 ,/biz/pret-a-manger-london-3089295/#view=map,"25 Villiers St, London, WC2N 6ND",,5.0,1 Rating
14,The Breakfast Club,Cafes and Coffee Shops,http://www.thebreakfastclubcafes.com,020 7434 2571 ,/biz/the-breakfast-club-london-4203582/#view=map,"33 D'Arblay St, London, W1F 8EU",,3.9,13 Ratings
15,The Espresso Room,Cafes and Coffee Shops,http://www.theespressoroom.co.uk,020 3583 6949 ,/biz/the-espresso-room-london-8740256/#view=map,"24 New Row, Charing Cross, LONDON, WC2N 4LA",,5.0,2 Ratings
16,Costa,Cafes and Coffee Shops,http://www.costa.co.uk,,/biz/costa-london-8803905/#view=map,"22-24 Leicester Square, LONDON, WC2H 7JY",,5.0,1 Rating
17,Morris's Cafe,Cafes and Coffee Shops,,020 7734 6930 ,/biz/morris-s-cafe-london-477860/#view=map,"15b Clifford St, London, W1S 4JZ",,4.0,4 Ratings
18,Marie's Cafe,Cafes and Coffee Shops,,020 7928 1050 ,/biz/marie-s-cafe-london-324633/#view=map,"90 Lower Marsh, London, SE1 7AB",,4.5,4 Ratings
19,Starbucks Coffee Co (Uk) Ltd,Cafes and Coffee Shops,https://www.starbucks.co.uk,020 7240 5789 ,/biz/starbucks-coffee-co-uk-ltd-london-4896211/#view=map,"99 St. Martin's Lane, London, WC2N 4AZ",,4.0,1 Rating
20,Charles Dickens' Coffee House,Cafes and Coffee Shops,,020 7379 7727 ,/biz/charles-dickens-coffee-house-london-6977795/#view=map,"26 Wellington St, London, WC2E 7DD",,5.0,1 Rating
21,The Tea House,Tea and Coffee Specialist Shops,http://www.theteahouseltd.com,020 7240 7539 ,/biz/the-tea-house-london-9037909/#view=map,"15 Neal St, London, WC2H 9PU",,5.0,1 Rating
22,Cafe Eterno,Cafes and Coffee Shops,http://www.lcm.org.uk,020 7240 1599 ,/biz/cafe-eterno-london-2655705/#view=map,"34, Neal St, Covent Garden, London, WC2H 9PS",,5.0,1 Rating
23,Bar Bruno,Cafes and Coffee Shops,,020 7734 3750 ,/biz/bar-bruno-london-4880196/#view=map,"101 Wardour St, London, W1F 0UG",,5.0,1 Rating
24,Sweetzcity Ltd,Cafes and Coffee Shops,http://www.sweetzcity.co.uk,07983 240537 ,/biz/sweetzcity-ltd-london-10004422/#view=map,"71-75 Shelton Stt, London, WC2H 9JQ",,5.0,1 Rating
25,Pret a Manger,Cafes and Coffee Shops,https://locations.pret.co.uk/london/77-78-st-martin's-lane,020 7932 5213 ,/biz/pret-a-manger-london-3739668/#view=map,"77-78 St Martin's Lane, London, WC2N 4AA",,4.0,2 Ratings
26,Whittard of Chelsea,Tea and Coffee Specialist Shops,http://www.whittard.co.uk,020 7287 2599 ,/biz/whittard-of-chelsea-london-8440332/#view=map,"43 Oxford St, London, W1D 2DY",,5.0,1 Rating
27,St James Kitchen,Cafes and Coffee Shops,,020 3583 7552 ,/biz/st-james-kitchen-london-8676185/#view=map,"36 St James's St, London, E17 7PF",,5.0,2 Ratings
28,Il Panino,Cafes and Coffee Shops,,020 7405 3825 ,/biz/il-panino-london-310012/#view=map,"21 Newton St, London, WC2B 5EL",,5.0,2 Ratings
29,Moosh Cafe,Cafes and Coffee Shops,,020 7386 8688 ,/biz/moosh-cafe-london-8000550/#view=map,"Kingly Street, Soho, LONDON, W1B 5PW",,5.0,2 Ratings
30,Victoria House,Cafes and Coffee Shops,http://www.victoriahouseco.com,07490 000079 ,/biz/victoria-house-london-9982626/#view=map,"5 Coptic St, London, WC1A 1NH",,5.0,1 Rating
31,Palm Court,Cafes and Coffee Shops,,020 7300 2345 ,/biz/palm-court-london-8320055/#view=map,"150 Piccadilly, St James's, LONDON, W1J 9BR",,5.0,1 Rating
32,Starbucks,Cafes and Coffee Shops,http://www.starbucks.co.uk,020 7495 8370 ,/biz/starbucks-london-9248167/#view=map,"22-23 Princes St, London, W1B 2LY",,5.0,1 Rating
33,Royal Quarter Cafe,Cafes and Coffee Shops,,,/biz/royal-quarter-cafe-london-8001123/#view=map,"72-73 Buckingham Gate, LONDON, SW1E 6AS",,5.0,1 Rating
34,Joe & The Juice,Cafes and Coffee Shops,http://www.joejuice.com/,,/biz/joe-and-the-juice-london-7940625/#view=map,"281 Regent Street, Mayfair, LONDON, W1B 2HF",,5.0,1 Rating
35,Greek Flavours,Food and Drink - Delivered,https://www.greekflavours.com,020 3445 5795 ,/biz/greek-flavours-london-9933064/#view=map,"Monomark House, 27, Old Gloucester St, London, WC1N 3AX",,5.0,1 Rating
36,Mustard Cafe,Cafes and Coffee Shops,,020 7629 0715 ,/biz/mustard-cafe-london-4942205/#view=map,"40 Margaret St, London, W1G 0JH",,5.0,2 Ratings
37,Caffe Nero,Cafes and Coffee Shops,http://www.caffenero.com,020 7580 3885 ,/biz/caffe-nero-london-6552295/#view=map,"79 Tottenham Court Rd, London, W1T 4TB",,5.0,1 Rating
38,food hippo,Food and Drink - Delivered,http://www.one-delivery.co.uk,020 3633 8667 ,/biz/food-hippo-london-9772006/#view=map,"27 Old Gloucester St, London, WC1N 3AX",,5.0,1 Rating
39,Tinderbox Within Paperchase,Cafes and Coffee Shops,,0207467 6200 ,/biz/tinderbox-within-paperchase-london-9438212/#view=map,"213-215 Tottenham Court Road, London, W1T 7PS",,5.0,1 Rating
40,Kin,Cafes and Coffee Shops,http://kincafe.co.uk/,020 7998 4720 ,/biz/kin-london-8068090/#view=map,"22 Foley St, London, W1W 6DT",,5.0,1 Rating
41,Postcard Teas Ltd,Tea and Coffee Specialist Shops,http://www.postcardteas.com,020 7629 3654 ,/biz/postcard-teas-ltd-london-4211615/#view=map,"9 Dering St, London, W1S 1AG",,5.0,2 Ratings
42,X L N T,Cafes and Coffee Shops,,020 7976 9996 ,/biz/x-l-n-t-london-6133512/#view=map,"15 Greycoat Place, London, SW1P 1SB",,5.0,2 Ratings
43,Italia Uno,Cafes and Coffee Shops,,020 7637 5326 ,/biz/italia-uno-london-339892/#view=map,"91 Charlotte St, London, W1T 4PX",,5.0,1 Rating
44,Caffe Quattro,Cafes and Coffee Shops,,020 7261 0044 ,/biz/caffe-quattro-london-2795577/#view=map,"37 York Rd, London, SE1 7NJ",,4.5,2 Ratings
45,Starbucks Coffee Co (UK) Ltd,Cafes and Coffee Shops,http://www.starbucks.co.uk,020 7404 4939 ,/biz/starbucks-coffee-co-uk-ltd-london-3069477/#view=map,"51 Great Russell St, London, WC1B 3BA",,4.0,2 Ratings
46,L'Amour Encore,Cafes and Coffee Shops,,07796 173984 ,/biz/l-amour-encore-london-6933909/#view=map,"1 Woodstock St, Mayfair, London, W1C 2AA",,5.0,1 Rating
47,Syrup of Soot Ltd,Cafes and Coffee Shops,http://www.syrupofsoot.com,020 7242 1022 ,/biz/syrup-of-soot-ltd-london-8631066/#view=map,"38 Museum St, London, WC1A 1LP",,4.0,1 Rating
48,Pure,Cafes and Coffee Shops,https://www.pure.co.uk/shops/goodgestreet/,020 7240 1555 ,/biz/pure-london-4459611/#view=map,"47 Goodge St, London, W1T 1TD",,4.0,2 Ratings
49,Cafe Mapa,Cafes and Coffee Shops,,020 7436 0011 ,/biz/cafe-mapa-london-8381211/#view=map,"20 Great Portland St, London, W1W 8QR",,4.0,1 Rating
50,Plenty,Cafes and Coffee Shops,http://www.plenty-cafe.co.uk,020 7637 2635 ,/biz/plenty-london-8186339/#view=map,"34 Berners Street, Marylebone, LONDON, W1T 3LT",,4.0,1 Rating
51,Bayleaf Cafe,Cafes and Coffee Shops,,020 7436 6844 ,/biz/bayleaf-cafe-london-5929275/#view=map,"19 Tottenham St, London, W1T 2AN",,4.0,1 Rating
52,Kaffeine Ltd,Cafes and Coffee Shops,http://www.kaffeine.co.uk,020 7580 6755 ,/biz/kaffeine-ltd-london-6253983/#view=map,"66 Great Titchfield St, London, W1W 7QJ",,4.7,3 Ratings
53,Espresso Bar,Cafes and Coffee Shops,,020 7747 2885 ,/biz/espresso-bar-london-10086226/#view=map,"Trafalgar Square, London, WC2N 5DN",,,
54,Starbucks Coffee Co (Uk) Ltd,Tea and Coffee Specialist Shops,https://www.starbucks.co.uk,020 7836 6850 ,/biz/starbucks-coffee-co-uk-ltd-london-3165800/#view=map,"442 Strand, London, WC2R 0QU",,,
55,Costa Coffee,Cafes and Coffee Shops,http://www.costa.co.uk,020 7839 5675 ,/biz/costa-coffee-london-6885676/#view=map,"Grand Building Strand, London, WC2N 5EJ",,,
56,Whittard of Chelsea,Tea and Coffee Specialist Shops,http://www.whittard.co.uk,020 7379 6378 ,/biz/whittard-of-chelsea-london-4687226/#view=map,"435 The Strand, London, WC2R 0QN",,,
57,Pret a Manger,Cafes and Coffee Shops,https://www.pret.co.uk,020 7930 6222 ,/biz/pret-a-manger-london-10155270/#view=map,"7-8 St Martin's Place, London, WC2N 4HA",,,
58,Costa Coffee,Cafes and Coffee Shops,http://www.costa.co.uk,020 7930 1017 ,/biz/costa-coffee-london-2769168/#view=map,"Unit 8 Station Concourse, Charing Cross Station, Strand, London, WC2N 5HS",,,
59,Cafe in the Crypt,Cafes and Coffee Shops,http://www.smitf.org,020 7766 1158 ,/biz/cafe-in-the-crypt-london-7255194/#view=map,"within St. Martin in the Fields, Duncannon St, London, WC2N 4JF",,,
60,Notes,Cafes and Coffee Shops,http://www.notes-uk.co.uk,020 7240 0424 ,/biz/notes-london-8530326/#view=map,"31 St Martin's Lane, London, WC2N 4ER",,,
61,W,Cafes and Coffee Shops,,020 7839 5675 ,/biz/w-london-10141778/#view=map,"43891 Strand, London, WC2N 5EJ",,,
62,Nero Express,Cafes and Coffee Shops,,0203272 0055 ,/biz/nero-express-london-9462153/#view=map,"Charing Cross Railway Station, The Strand, London, WC2N 5HS",,,
63,Caffe Nero,Cafes and Coffee Shops,http://www.caffenero.com,020 7836 5110 ,/biz/caffe-nero-london-9744406/#view=map,"36a St Martins Lane, London, WC2N 4ER",,,
64,Bonapartes,Cafes and Coffee Shops,https://www.compass-group.com/,020 7930 9553 ,/biz/bonapartes-london-7257026/#view=map,"Charing Cross Station Strand, London, WC2N 5HS",,,
65,Espresso Bar,Cafes and Coffee Shops,,020 7747 2885 ,/biz/espresso-bar-london-7951957/#view=map,"Trafalgar Square, Charing Cross, LONDON, WC2N 5DN",,,
66,Cafe La Roche,Cafes and Coffee Shops,http://www.la-roche-london.co.uk,020 7240 8076 ,/biz/cafe-la-roche-london-10082807/#view=map,"39 St. Martin's Lane, London, WC2N 4ER",,,
67,The Theatre Cafe,Cafes and Coffee Shops,http://www.thetheatrecafe.co.uk,020 7851 0300 ,/biz/the-theatre-cafe-london-10141188/#view=map,"99 St. Martin's Lane, London, WC2N 4AS",,,
68,Caffe Concerto,Cafes and Coffee Shops,http://www.caffeconcerto.co.uk,020 7494 6844 ,/biz/caffe-concerto-london-8274047/#view=map,"5-6 Northumberland Avenue, Charing Cross, LONDON, WC2N 5BW",,,
69,Caffe Nero,Cafes and Coffee Shops,http://www.caffenero.com,020 7930 7929 ,/biz/caffe-nero-london-9003347/#view=map,"60-61 Trafalgar Square, London, WC2N 5DS",,,
70,Pret a Manger,Cafes and Coffee Shops,https://locations.pret.co.uk/london/1-whitehall,020 7932 5216 ,/biz/pret-a-manger-london-10171083/#view=map,"1 Whitehall, London, SW1A 2DD",,,
71,Starbucks Coffee Co (UK) Ltd,Cafes and Coffee Shops,http://www.starbucks.co.uk,020 7930 0649 ,/biz/starbucks-coffee-co-uk-ltd-london-3571508/#view=map,"1-3 Villiers St, London, WC2N 6NN",,,
72,Starbucks Coffee Co (UK) Ltd,Cafes and Coffee Shops,http://www.starbucks.co.uk,020 7930 0649 ,/biz/starbucks-coffee-co-uk-ltd-london-9248176/#view=map,"14 Villiers St, London, WC2N 6NQ",,,
73,Drury Tea & Coffee,Tea and Coffee Specialist Shops,http://www.drury.uk.com,020 7836 1960 ,/biz/drury-tea-and-coffee-london-2490114/#view=map,"3 New Row, London, WC2N 4LH",,,
74,Ella Mia,Cafes and Coffee Shops,,020 7300 5588 ,/biz/ella-mia-london-10134375/#view=map,"45a St. Martin's Lane, London, WC2N 4HX",,,
75,Tossed,Cafes and Coffee Shops,http://www.tosseduk.com,020 7836 3842 ,/biz/tossed-london-9453545/#view=map,"100 St Martins Lane, London, WC2N 4AZ",,,
76,La Roche Coffee Shop,Cafes and Coffee Shops,http://www.la-roche-london.co.uk,020 7240 3391 ,/biz/la-roche-coffee-shop-london-9311592/#view=map,"39 St. Martin's Lane, London, WC2N 4ER",,,
77,Wingfield Cafe,Cafes and Coffee Shops,,0208247 3142 ,/biz/wingfield-cafe-london-9462330/#view=map,"PO Box 98, London, SW19 5AE",,,
78,Eat,Cafes and Coffee Shops,http://www.eat.co.uk,0843 506 4040 ,/biz/eat-london-7242837/#view=map,"1st Floor Unit R31, London, W2 1HB",,,
79,Fresh Fruit Smoothies & Juices,Cafes and Coffee Shops,,,/biz/fresh-fruit-smoothies-and-juices-london-8740238/#view=map,"Villiers Street, Charing Cross, LONDON, WC2N 6NE",,,
80,Costa Coffee,Cafes and Coffee Shops,http://www.costa.co.uk,020 7240 3423 ,/biz/costa-coffee-london-6936521/#view=map,"13 New Row, London, WC2N 4LF",,,
81,Pret a Manger,Cafes and Coffee Shops,https://www.pret.co.uk,020 7839 3995 ,/biz/pret-a-manger-london-10188758/#view=map,"5 Pall Mall East, London, SW1Y 5BA",,,
82,Eat Ltd,Cafes and Coffee Shops,http://www.eat.co.uk,0843 506 4040 ,/biz/eat-ltd-london-6772360/#view=map,"41-42 Bedford St, London, WC2E 9HA",,,
83,Pret a Manger,Cafes and Coffee Shops,https://locations.pret.co.uk/london/62-65-trafalgar-square,020 7932 5350 ,/biz/pret-a-manger-london-5782352/#view=map,"62-65 Trafalgar Square, London, WC2N 5DS",,,
84,La Chandelle,Cafes and Coffee Shops,,020 7930 4727 ,/biz/la-chandelle-london-8321093/#view=map,"2-3 Irving Street, Chinatown, LONDON, WC2H 7AT",,1.0,2 Ratings
85,Coffee & Bake Ltd,Cafes and Coffee Shops,http://www.coffeeandbake.co.uk,020 7839 5129 ,/biz/coffee-and-bake-ltd-london-8777555/#view=map,"49 Villiers St, London, WC2N 6NE",,,
86,Pompidou,Cafes and Coffee Shops,,020 7839 6010 ,/biz/pompidou-london-454440/#view=map,"35-37, Villiers St, London, WC2N 6ND",,,
87,BB Afternoon Tea,Tea and Coffee Specialist Shops,http://www.b-bakery.com,020 7836 6588 ,/biz/bb-afternoon-tea-london-8845125/#view=map,"6-7 Chandos Place, London, WC2N 4HU",,,
88,Costa Coffee,Tea and Coffee Specialist Shops,http://www.costa.co.uk,020 7930 3014 ,/biz/costa-coffee-london-2730139/#view=map,"17 Embankment Place, London, WC2N 6NN",,,
89,Soho Coffee Company,Cafes and Coffee Shops,http://www.sohocoffee.co.uk,020 3358 6779 ,/biz/soho-coffee-company-london-9611532/#view=map,"41 Bedford Street, Covent Garden, LONDON, WC2E 9HA",,,
90,Caffe Nero,Cafes and Coffee Shops,http://www.caffenero.com,020 7240 9399 ,/biz/caffe-nero-london-9253838/#view=map,"10 Bedford St, London, WC2E 7HE",,,
91,Blues & Royals,Cafes and Coffee Shops,,,/biz/blues-and-royals-london-9188167/#view=map,"Villiers Street, Charing Cross, LONDON, WC2N 6NE",,,
92,La Chandelle,Cafes and Coffee Shops,,02079 304727 ,/biz/la-chandelle-london-9405954/#view=map,"2-3 Irving Street, London, WC2H 7AT",,,
93,Stephano's,Cafes and Coffee Shops,,020 7930 4727 ,/biz/stephano-s-london-4709754/#view=map,"2-3 Irving St, London, WC2H 7AT",,,
94,Caffe Nero,Cafes and Coffee Shops,http://www.caffenero.com,020 7836 6772 ,/biz/caffe-nero-london-8720882/#view=map,"32 Cranbourn St, London, WC2H 7AD",,,
95,Caffe Italiano,Cafes and Coffee Shops,,020 7930 4727 ,/biz/caffe-italiano-london-9612038/#view=map,"1 Irving Street, Chinatown, LONDON, WC2H 7AT",,,
96,Filli Europe Ltd,Cafes and Coffee Shops,,020 3982 3679 ,/biz/filli-europe-ltd-london-9914302/#view=map,"21 Charing Cross Rd, London, WC2H 0ET",,,
97,Caffe Nero,Cafes and Coffee Shops,http://www.caffenero.com,020 7240 9399 ,/biz/caffe-nero-london-10077690/#view=map,"10a Bedford Street, London, WC2E 9HE",,,
98,Caffe Concerto,Cafes and Coffee Shops,https://www.caffeconcerto.co.uk,020 7494 6846 ,/biz/caffe-concerto-london-7572477/#view=map,"43 Whitehall, London, SW1A 2BX",,,
99,New Row Coffee,Cafes and Coffee Shops,http://www.newrowcoffee.co.uk,020 3583 6949 ,/biz/new-row-coffee-london-7029102/#view=map,"24 New Row, London, WC2N 4LA",,,
100,Eli's Espresso Bar,Cafes and Coffee Shops,,020 7240 7810 ,/biz/eli-s-espresso-bar-london-6174117/#view=map,"28 Bedfordbury, London, WC2N 4BJ",,,
101,Yaki Yaki,Cafes and Coffee Shops,http://yakiyaki.co.uk,,/biz/yaki-yaki-london-9792507/#view=map,"4 New Row, Charing Cross, LONDON, WC2N 4LH",,,
102,Costa Coffee,Cafes and Coffee Shops,http://www.costa.co.uk,020 7494 2456 ,/biz/costa-coffee-london-9224058/#view=map,"Leicester Square Station, Charing Cross Rd, London, WC2H 0AP",,,
103,Soho Coffee Company,Cafes and Coffee Shops,http://www.sohocoffee.co.uk,020 8090 1333 ,/biz/soho-coffee-company-london-8815608/#view=map,"215 Strand, Charing Cross, LONDON, WC2R 1AP",,,
104,Coffee Island,Cafes and Coffee Shops,http://www.coffeeisland.co.uk,020 7836 3007 ,/biz/coffee-island-london-9073049/#view=map,"4b Upper St Martin's Lane, London, WC2H 9NY",,,
105,Costa,Cafes and Coffee Shops,http://www.costa.co.uk,,/biz/costa-london-8374391/#view=map,"39A Coventry Street, Chinatown, LONDON, W1D 6BZ",,,
106,Caffe Nero,Cafes and Coffee Shops,http://www.caffenero.com,020 7240 3433 ,/biz/caffe-nero-london-9253837/#view=map,"29 Southampton St, London, WC2E 7JA",,,
107,Host,Cafes and Coffee Shops,http://www.hostcoffee.co.uk,,/biz/host-london-9029286/#view=map,"31 Henrietta Street, Covent Garden, LONDON, WC2E 8NA",,,
108,Coffee Club App Limited,Cafes and Coffee Shops,http://www.coffeeclub.cc,07977 042253 ,/biz/coffee-club-app-limited-london-9810792/#view=map,"42 Cranbourn St, London, WC2H 7AN",,,
109,Avobar,Cafes and Coffee Shops,http://www.avobar.co.uk,020 3701 6500 ,/biz/avobar-london-9606147/#view=map,"23-24 Henrietta Street, Covent Garden, LONDON, WC2E 8NA",,,
110,Arabica,Cafes and Coffee Shops,http://www.arabica.coffee,020 7379 9621 ,/biz/arabica-london-10131503/#view=map,"5 King Street, London, WC2E 8SD",,,
111,Madd Hatters,Cafes and Coffee Shops,http://www.lovemaddhatters.co.uk,020 7836 8463 ,/biz/madd-hatters-london-8185945/#view=map,"6-7 Great Newport Street, Chinatown, LONDON, WC2H 7JB",,,
112,Costa Coffee,Cafes and Coffee Shops,http://www.costa.co.uk,020 7930 9596 ,/biz/costa-coffee-london-8089304/#view=map,"15 Regent St, London, SW1Y 4LR",,,
113,Caffe Nero,Cafes and Coffee Shops,http://www.caffenero.com,020 7930 8483 ,/biz/caffe-nero-london-7849386/#view=map,"Unit 1, 65-72, The Strand, London, WC2N 5LR",,,
114,Mariage Freres,Tea and Coffee Specialist Shops,https://www.mariagefreres.com,020 7836 1854 ,/biz/mariage-freres-london-10137530/#view=map,"38 King Street, London, WC2E 8JT",,,
115,The East India Company,Tea and Coffee Specialist Shops,http://www.eicfinefoods.com/,020 3205 3394 ,/biz/the-east-india-company-london-8026375/#view=map,"140 Long Acre, Covent Garden, LONDON, WC2E 9AD",,,
116,Yunique,Cafes and Coffee Shops,,020 7287 6383 ,/biz/yunique-london-10142265/#view=map,"10 Little Newport Street, London, WC2H 7JJ",,,
117,Pret a Manger,Cafes and Coffee Shops,https://www.pret.co.uk,020 7932 5455 ,/biz/pret-a-manger-london-10188754/#view=map,"87-88 Strand, London, WC2R 0DW",,,
118,Laduree,Cafes and Coffee Shops,https://www.laduree.co.uk/238918/laduree-london-covent-garden.html,020 7240 0706 ,/biz/laduree-london-7051200/#view=map,"1 The Market, Covent Garden The Piazza, London, WC2E 8RA",,,
119,Ole & Steen,Cafes and Coffee Shops,https://oleandsteen.co.uk/?y_source=1_MTY5NTUzNDYtNzAyLWxvY2F0aW9uLndlYnNpdGU%3D,020 3828 8242 ,/biz/ole-and-steen-london-10005868/#view=map,"St James 56 Haymarket, No 2 St James Market, London, SW1Y 4RP",,,
120,Cuppacha,Tea and Coffee Specialist Shops,http://www.cuppacha.com,020 7998 0313 ,/biz/cuppacha-london-7522522/#view=map,"23 Newport Court, London, WC2H 7JS",,,
121,Whittard of Chelsea plc,Tea and Coffee Specialist Shops,http://www.whittard.co.uk,020 7930 8013 ,/biz/whittard-of-chelsea-plc-london-5952120/#view=map,"13 Lower Regent St, London, SW1Y 4LR",,,
122,Costa Coffee,Cafes and Coffee Shops,http://www.costa.co.uk,020 7240 2135 ,/biz/costa-coffee-london-9912073/#view=map,"37 Southampton St, London, WC2E 7HG",,,
123,Costa Pronto,Cafes and Coffee Shops,http://www.costa.co.uk,,/biz/costa-pronto-london-9032136/#view=map,"Cranbourn Street, Chinatown, LONDON, WC2H 7AG",,,
124,The Borough Barista Ltd,Cafes and Coffee Shops,http://www.theboroughbarista.com,020 3272 0222 ,/biz/the-borough-barista-ltd-london-7530333/#view=map,"15 Charles Ii St, London, SW1Y 4QU",,,
125,Caffe Vergnano 1882,Cafes and Coffee Shops,http://www.caffevergnano1882.co.uk,020 7240 3512 ,/biz/caffe-vergnano-1882-london-8724536/#view=map,"62 Charing Cross Rd, London, WC2H 0BU",,,
126,Happy Lemon Plus,Cafes and Coffee Shops,http://www.happy-lemon.co.uk,020 7734 1966 ,/biz/happy-lemon-plus-london-8271838/#view=map,"24A Newport Court, Chinatown, LONDON, WC2H 7JS",,,
127,The River Terrace,Cafes and Coffee Shops,http://www.somersethouse.org.uk,020 7845 4646 ,/biz/the-river-terrace-london-8267063/#view=map,"150 Strand, Charing Cross, LONDON, WC2R 0RN",,,
128,The River Terrace,Cafes and Coffee Shops,http://www.somersethouse.org.uk,020 7845 4646 ,/biz/the-river-terrace-london-7924598/#view=map,"150 Strand, Charing Cross, LONDON, WC2R 1JA",,,
129,Pret a Manger,Cafes and Coffee Shops,https://locations.pret.co.uk/london/39-coventry-street,020 3272 0090 ,/biz/pret-a-manger-london-9900494/#view=map,"39 Coventry St, London, W1D 6BZ",,,
130,Department of Coffee & Social Affairs,Cafes and Coffee Shops,http://departmentofcoffee.com,,/biz/department-of-coffee-and-social-affairs-london-8893258/#view=map,"6-7 Great Newport Street, Chinatown, LONDON, WC2H 7JB",,,
131,Costa,Cafes and Coffee Shops,http://www.costa.co.uk,020 7240 2135 ,/biz/costa-london-9129106/#view=map,"37 Southampton Street, Covent Garden, LONDON, WC2E 7HG",,,
132,Embankment Cafe,Cafes and Coffee Shops,,020 7930 1471 ,/biz/embankment-cafe-london-10077301/#view=map,"25 Victoria Embankment, London, WC2R 2PN",,,
133,TWG Tea,Tea and Coffee Specialist Shops,http://www.twgtea.com,020 7972 0202 ,/biz/twg-tea-london-9187824/#view=map,"5 Swiss Court, LONDON, W1D 6AP",,,
134,Morelli's Gelato,Cafes and Coffee Shops,,020 3602 0540 ,/biz/morelli-s-gelato-london-8273260/#view=map,"Covent Garden, LONDON, WC2E 8BE",,,
135,Timber Yard,Cafes and Coffee Shops,http://www.timberyardlondon.com,020 3217 2009 ,/biz/timber-yard-london-8186326/#view=map,"7 Upper St Martins Lane, Covent Garden, LONDON, WC2H 9NY",,,
136,Hotel Chocolat,Cafes and Coffee Shops,https://www.hotelchocolat.com/uk,020 7836 3349 ,/biz/hotel-chocolat-london-8699599/#view=map,"10 The Market The Piazza, London, WC2E 8RB",,,
137,Hotel Chocolat Cafe,Cafes and Coffee Shops,https://www.hotelchocolat.com/,020 7836 3349 ,/biz/hotel-chocolat-cafe-london-10121692/#view=map,"Covent Garden, London, WC2E 8RB",,,
138,Department of Coffee & Social Affairs,Cafes and Coffee Shops,http://departmentofcoffee.com,,/biz/department-of-coffee-and-social-affairs-london-8273550/#view=map,"19 Slingsby Place, Covent Garden, LONDON, WC2E 9AB",,3.0,2 Ratings
139,The Arts Cafe,Cafes and Coffee Shops,http://www.artstheatrewestend.co.uk,020 7836 8463 ,/biz/the-arts-cafe-london-9189714/#view=map,"6-7 Great Newport Street, Chinatown, LONDON, WC2H 7JB",,,
140,Viet Cafe,Cafes and Coffee Shops,,0207839 3246 ,/biz/viet-cafe-london-9437554/#view=map,"23 Haymarket, London, SW1Y 4DG",,,
141,Cupcake Stories,Cafes and Coffee Shops,http://www.sweetheartcupcakes.co.uk,020 7240 5039 ,/biz/cupcake-stories-london-8779763/#view=map,"34 The Market The Piazza, London, WC2E 8RE",,,
142,Melba,Cafes and Coffee Shops,http://www.fairmont.com/savoy-london/dining/melba,020 7836 4343 ,/biz/melba-london-8453922/#view=map,"100 Strand, London, WC2R 0EW",,,
143,Abuelo,Cafes and Coffee Shops,http://www.abuelocafe.co.uk,020 7836 8476 ,/biz/abuelo-london-9187355/#view=map,"26 Southampton Street, Covent Garden, LONDON, WC2E 7JA",,,
144,Woo Tea,Cafes and Coffee Shops,,020 7434 2028 ,/biz/woo-tea-london-10128811/#view=map,"26 Wardour Street, London, W1D 6QL",,,
145,Urban Tea Rooms,Cafes and Coffee Shops,http://www.urbantearooms.com,020 7321 0605 ,/biz/urban-tea-rooms-london-8897551/#view=map,"2A St James's Market, LONDON, SW1Y 4AH",,,
146,Creme De La Crepe,Cafes and Coffee Shops,http://www.cremedelacrepe.co.uk,020 7836 6896 ,/biz/creme-de-la-crepe-london-6101935/#view=map,"Unit 29 The Market The Piazza, London, WC2E 8RE",,,
147,The Covent Garden Kafeneo,Cafes and Coffee Shops,http://www.kafeneo.co.uk,020 7240 8577 ,/biz/the-covent-garden-kafeneo-london-5962948/#view=map,"12-14, Tavistock St, London, WC2E 7PH",,,
148,Caffe Nero,Cafes and Coffee Shops,http://www.caffenero.com,020 7930 9901 ,/biz/caffe-nero-london-6552288/#view=map,"27 Haymarket, London, SW1Y 4EN",,,
149,Absolutely Fad Cafe,Cafes and Coffee Shops,,020 7930 5394 ,/biz/absolutely-fad-cafe-london-3103261/#view=map,"32 Coventry St, London, W1D 6BR",,,
150,Starbucks Coffee Co (UK) Ltd,Cafes and Coffee Shops,http://www.starbucks.co.uk,020 7836 6231 ,/biz/starbucks-coffee-co-uk-ltd-london-2699289/#view=map,"10 Russell St, London, WC2B 5HZ",,,
151,Pret a Manger,Cafes and Coffee Shops,https://locations.pret.co.uk/london/retail-unit-2,020 7932 5309 ,/biz/pret-a-manger-london-9568689/#view=map,"Retail Unit 2 2 Regent St, London, SW1Y 4PE",,,
152,Yi Fang,Cafes and Coffee Shops,http://www.yifangtea.co.uk,020 7078 4214 ,/biz/yi-fang-london-10128921/#view=map,"104 Shaftesbury Avenue, London, W1D 5EG",,,
153,Wright's,Cafes and Coffee Shops,http://www.wrightsoflondon.co.uk,020 7976 1630 ,/biz/wright-s-london-9036351/#view=map,"15A Pall Mall, Charing Cross, LONDON, SW1Y 5LU",,,
154,Picccadillly Coffee & Meeting House,Cafes and Coffee Shops,,020 7800 0000 ,/biz/picccadillly-coffee-and-meeting-house-london-7919397/#view=map,"Piccadilly Circus, Haymarket, LONDON, W1J 0DA",,,
155,The Meat Market,Cafes and Coffee Shops,,0207240 4852 ,/biz/the-meat-market-london-9457341/#view=map,"Unit 1a The Deck Jubilee Market Hall, The Piazza, London, WC2E 8BE",,,
156,Prima Sapori Italia,Cafes and Coffee Shops,http://primacoventgarden.com,020 7836 5448 ,/biz/prima-sapori-italia-london-5359779/#view=map,"1 Tavistock St Jubilee Market, The Piazza, London, WC2E 8BE",,,
157,Caffe Nero,Cafes and Coffee Shops,http://www.caffenero.com,020 7240 8918 ,/biz/caffe-nero-london-9253839/#view=map,"30 Monmouth St, London, WC2H 9HA",,,
158,The Coffee Tree London Ltd ,Tea and Coffee Specialist Shops,,020 7240 5536 ,/biz/the-coffee-tree-london-ltd-london-7830978/#view=map,"222 Shaftesbury Avenue, London, WC2H 8EB",,,
159,Soho Coffee Company,Cafes and Coffee Shops,http://www.sohocoffee.co.uk,020 3358 6774 ,/biz/soho-coffee-company-london-9031903/#view=map,"138-139 Strand, LONDON, WC2R 1QA",,,
160,Urban Tea Rooms Ltd,Cafes and Coffee Shops,,0207321 0605 ,/biz/urban-tea-rooms-ltd-london-9317454/#view=map,"2 St James's Market, London, SW1Y 4SB",,,
161,Woo Tea,Cafes and Coffee Shops,,,/biz/woo-tea-london-9787965/#view=map,"26 Wardour Street, Chinatown, LONDON, W1D 6QL",,,
162,Venchi,Cafes and Coffee Shops,,0203632 1668 ,/biz/venchi-london-9456613/#view=map,"18 Covent Garden Market, Covent Garden, London, WC2E 8RB",,,
163,Simit Sarayi,Cafes and Coffee Shops,http://www.simitsarayi.com,020 7734 4302 ,/biz/simit-sarayi-london-8457818/#view=map,"The London Pavilion, 1, Piccadilly, London, W1J 0DA",,,
164,Fabrique,Cafes and Coffee Shops,http://fabrique.co.uk/,020 7240 1392 ,/biz/fabrique-london-8369464/#view=map,"8 Earlham St, London, WC2H 9RY",,,
165,Coco,Cafes and Coffee Shops,http://www.coco-tea.com,020 7831 3945 ,/biz/coco-london-8897289/#view=map,"52 Dean Street, Chinatown, LONDON, W1D 5BL",,,
166,Flocafe,Cafes and Coffee Shops,http://www.flocafe.gr,020 7734 3559 ,/biz/flocafe-london-10134779/#view=map,"83 Shaftesbury Avenue, London, W1D 5DX",,,
167,Caffe Nero,Cafes and Coffee Shops,http://www.caffenero.com,020 7287 0971 ,/biz/caffe-nero-london-8592994/#view=map,"97-99 Charing Cross Rd, London, WC2H 0DP",,,
168,Candy Cafe,Cafes and Coffee Shops,http://www.candycafe.co.uk,020 7439 8507 ,/biz/candy-cafe-london-8988700/#view=map,"3 Macclesfield St, London, W1D 6AU",,,
169,Caffe Nero,Cafes and Coffee Shops,http://www.caffenero.com,020 7836 6346 ,/biz/caffe-nero-london-9253836/#view=map,"2 Lancaster Place, London, WC2E 7EA",,,
170,Notes,Cafes and Coffee Shops,http://www.notes-uk.squarespace.com/,020 7240 7899 ,/biz/notes-london-7897931/#view=map,"36 Wellington Street, Covent Garden, LONDON, WC2E 7BD",,,
171,Cafe El Buen Gusto,Cafes and Coffee Shops,,020 7159 4440 ,/biz/cafe-el-buen-gusto-london-7953013/#view=map,"39 Frith Street, Chinatown, LONDON, W1D 5LL",,,
172,Pret a Manger,Cafes and Coffee Shops,https://locations.pret.co.uk/london/35-frith-street,020 7287 6729 ,/biz/pret-a-manger-london-9004696/#view=map,"35 Frith St, London, W1D 5LQ",,,
173,Cafe Chutney,Cafes and Coffee Shops,http://www.cafechutney.co.uk,07956 910444 ,/biz/cafe-chutney-london-7255870/#view=map,"34 The Market, The Piazza, London, WC2E 8RE",,,
174,Costa Coffee,Cafes and Coffee Shops,http://www.costa.co.uk,020 7836 5951 ,/biz/costa-coffee-london-9249560/#view=map,"39 Shelton St, London, WC2H 9HJ",,,
175,Benugo Cafe,Cafes and Coffee Shops,http://www.benugo.com,020 7836 9773 ,/biz/benugo-cafe-london-9003278/#view=map,"63 Long Acre, London, WC2E 9JN",,,
176,Caffe Nero,Cafes and Coffee Shops,http://www.caffenero.com,020 7434 3887 ,/biz/caffe-nero-london-6552293/#view=map,"43 Frith St, London, W1D 4SA",,,
177,Cafe De Nata,Cafes and Coffee Shops,http://www.cafedenata.com,020 7734 1279 ,/biz/cafe-de-nata-london-9678748/#view=map,"25 Old Compton St, London, W1D 5JN",,,
178,Ocraquelin Patisserie,Cafes and Coffee Shops,,07401 983475 ,/biz/ocraquelin-patisserie-london-10138491/#view=map,"42 Tavistock Street, London, WC2E 7PB",,,
179,Z Cafe,Cafes and Coffee Shops,http://www.thezhotels.com,020 3551 3701 ,/biz/z-cafe-london-7376944/#view=map,"14 Moor St, London, W1D 5AP",,,
180,Yi Fang,Cafes and Coffee Shops,http://www.yifangtea.co.uk,020 7078 4214 ,/biz/yi-fang-london-10114493/#view=map,"13 Moor Street, London, W1D 5NH",,,
181,Gelatorino Ltd,Cafes and Coffee Shops,http://www.gelatorino.com,020 7240 0746 ,/biz/gelatorino-ltd-london-7020214/#view=map,"2 Russell St, London, WC2B 5JD",,,
182,Mont Ruby Tea,Cafes and Coffee Shops,,020 7437 0439 ,/biz/mont-ruby-tea-london-9234744/#view=map,"100 Shaftesbury Avenue, London, W1D 5EE",,,
183,Yolo,Cafes and Coffee Shops,,07912 349609 ,/biz/yolo-london-9788977/#view=map,"1 Tower Street, Covent Garden, LONDON, WC2H 9NP",,,
184,Pure,Cafes and Coffee Shops,https://www.pure.co.uk/shops/shaftesbury-ave/,020 7240 1555 ,/biz/pure-london-9263386/#view=map,"151 Shaftesbury Avenue, London, WC2H 8AL",,,
185,Chatime,Tea and Coffee Specialist Shops,http://www.chatimeuk.com,07985 554309 ,/biz/chatime-london-8729559/#view=map,"11 Old Compton St, London, W1D 5JF",,,
186,Double Shot,Cafes and Coffee Shops,,020 7240 9742 ,/biz/double-shot-london-7932656/#view=map,"38A Tavistock Street, Covent Garden, LONDON, WC2E 7PB",,,
187,Biju Bubble Tea,Tea and Coffee Specialist Shops,http://www.bijububbletea.com,020 7287 4040 ,/biz/biju-bubble-tea-london-8439998/#view=map,"45 Old Compton St, London, W1D 6HQ",,,
188,Milan,Cafes and Coffee Shops,http://www.milanoleicestersquare.com,020 7434 3633 ,/biz/milan-london-6238304/#view=map,"123 Shaftesbury Avenue, London, WC2H 8AD",,,
189,Nordic Bakery,Cafes and Coffee Shops,http://www.nordicbakery.com,020 7836 4996 ,/biz/nordic-bakery-london-8868552/#view=map,"55 Neal St, London, WC2H 9PJ",,,
190,Tsujiri,Cafes and Coffee Shops,http://www.tsujiri.co.uk,07445 521929 ,/biz/tsujiri-london-9073132/#view=map,"47 Rupert St, London, W1D 7PD",,,
191,Joe & The Juice,Cafes and Coffee Shops,http://www.joejuice.com/,,/biz/joe-and-the-juice-london-7960193/#view=map,"46 Dean Street, Soho, LONDON, W1D 4QD",,,
192,Bubbleology Ltd,Tea and Coffee Specialist Shops,http://www.bubbleology.co.uk,020 7494 4231 ,/biz/bubbleology-ltd-london-7020133/#view=map,"49 Rupert St, London, W1D 7PF",,,
193,Teatulia UK Ltd,Tea and Coffee Specialist Shops,http://www.teatulia.co.uk,020 7379 9444 ,/biz/teatulia-uk-ltd-london-9913548/#view=map,"36 Neal St, London, WC2H 9PS",,,
194,Share Tea,Cafes and Coffee Shops,,020 7734 9097 ,/biz/share-tea-london-8272161/#view=map,"65 Shaftesbury Avenue, Chinatown, LONDON, W1D 6LH",,,
195,Machi Machi,Cafes and Coffee Shops,,,/biz/machi-machi-london-9787964/#view=map,"59 Shaftesbury Avenue, Chinatown, LONDON, W1D 6LF",,,
196,Starbucks Coffee Co (UK) Ltd,Cafes and Coffee Shops,http://www.starbucks.co.uk,020 7287 1956 ,/biz/starbucks-coffee-co-uk-ltd-london-4709737/#view=map,"60-66 Wardour St, London, W1F 0TA",,,
197,26 Grains,Cafes and Coffee Shops,http://www.26grains.com,,/biz/26-grains-london-8740266/#view=map,"1 Neal's Yard, Covent Garden, LONDON, WC2H 9DP",,,
198,Jacob The Angel,Cafes and Coffee Shops,http://www.jacobtheangel.co.uk,,/biz/jacob-the-angel-london-9028781/#view=map,"16A Neal's Yard, Covent Garden, LONDON, WC2H 9DP",,,
199,St James Cafe,Cafes and Coffee Shops,,020 7930 1420 ,/biz/st-james-cafe-london-4894427/#view=map,"41 Pall Mall, London, SW1Y 5JG",,,
200,Caffe Concerto Ltd,Cafes and Coffee Shops,http://www.caffeconcerto.co.uk,020 7494 6844 ,/biz/caffe-concerto-ltd-london-7539262/#view=map,"29-31 Piccadilly, London, W1J 0LF",,,
201,Caffe Nero,Cafes and Coffee Shops,http://www.caffenero.com,020 7520 5150 ,/biz/caffe-nero-london-7809846/#view=map,"Customer Services, 9-15, Neal St, London, WC2H 9PW",,,
202,Costa Coffee,Tea and Coffee Specialist Shops,http://www.costa.co.uk,020 7734 8780 ,/biz/costa-coffee-london-8465662/#view=map,"200 Piccadilly, London, W1J 9HU",,,
203,Cafe W,Cafes and Coffee Shops,https://www.waterstones.com,020 7851 2400 ,/biz/cafe-w-london-10082841/#view=map,"203-205 Piccadilly, London, W1J 9HD",,,
204,Pride Kitchen,Cafes and Coffee Shops,http://www.pride.kitchen,020 7836 2779 ,/biz/pride-kitchen-london-9034156/#view=map,"2B Neal's Yard, Covent Garden, LONDON, WC2H 9DP",,,
205,Cakes & Bubbles,Cafes and Coffee Shops,http://hotelcaferoyal.com,020 7406 3310 ,/biz/cakes-and-bubbles-london-10118355/#view=map,"68a Regent Street, London, W1B 5RJ",,,
206,My Cup of Tea,Cafes and Coffee Shops,http://www.mycupoftea.co.uk,020 7287 2255 ,/biz/my-cup-of-tea-london-8954984/#view=map,"Unit 5 Denman Place, London, W1D 7HH",,,
207,Pret a Manger,Cafes and Coffee Shops,https://locations.pret.co.uk/london/37-shelton-street,020 7932 5466 ,/biz/pret-a-manger-london-10171211/#view=map,"37 Shelton St, London, WC2H 9HN",,,
208,Pret a Manger,Cafes and Coffee Shops,https://locations.pret.co.uk/london/120-125-strand,020 7240 2689 ,/biz/pret-a-manger-london-10192030/#view=map,"120-125 Strand, London, WC2R 0AP",,,
209,Pocha London,Tea and Coffee Specialist Shops,http://pochalab.co.uk?utm_source=yell&utm_medium=referral&utm_campaign=yell,07543 780185 ,/biz/pocha-london-london-9285677/#view=map,"52 Rupert St, London, W1D 6DS",,,
210,BIG BITE Convenience Store (24 Hour),Cafes and Coffee Shops,,020 7434 4498 ,/biz/big-bite-convenience-store-24-hour-london-901721164/#view=map,"52 Wardour Street, LONDON, W1D 6QU",,,
211,Caffe Nero,Cafes and Coffee Shops,http://www.caffenero.com,020 7836 6874 ,/biz/caffe-nero-london-7849359/#view=map,"83 84 Long Acre, London, WC2E 9NG",,,
212,Caffe Nero,Cafes and Coffee Shops,http://www.caffenero.com,020 7434 9339 ,/biz/caffe-nero-london-6552294/#view=map,"26-28 Piccadilly, London, W1J 0DJ",,,
213,Damson & Company,Cafes and Coffee Shops,,,/biz/damson-and-company-london-7999681/#view=map,"21 Brewer Street, Soho, LONDON, W1F 0RL",,,
214,Pret a Manger,Cafes and Coffee Shops,https://locations.pret.co.uk/london/65-long-acre,020 7932 5324 ,/biz/pret-a-manger-london-10058166/#view=map,"65 Long Acre, London, WC2E 9JD",,,
215,Patisserie Valerie,Cafes and Coffee Shops,http://www.patisserie-valerie.co.uk,020 7240 5592 ,/biz/patisserie-valerie-london-6101910/#view=map,"80 Long Acre, London, WC2E 9NG",,3.0,1 Rating
216,The Proper Coffee Co,Tea and Coffee Specialist Shops,https://propercoffeeco.com?utm_source=yell&utm_medium=referral&utm_campaign=yell,0333 050 9014 ,/biz/the-proper-coffee-co-london-9895528/#view=map,"1st floor, No. 34, Great Queen St, London, WC2B 5AA",,,
217,Whittard of Chelsea,Tea and Coffee Specialist Shops,http://www.whittard.co.uk,020 7437 4175 ,/biz/whittard-of-chelsea-london-5676106/#view=map,"67 Regent St, London, W1B 4DZ",,,
218,Amorino,Cafes and Coffee Shops,http://www.amorino.com,020 7494 3300 ,/biz/amorino-london-9383818/#view=map,"41 Old Compton St, London, W1D 6HF",,,
219,Kahve Dunyasi,Cafes and Coffee Shops,http://www.kahvedunyasi.co.uk,020 7287 9063 ,/biz/kahve-dunyasi-london-8089116/#view=map,"Unit 3, 200 Piccadilly, London, W1J 9HU",,,
220,Greggs,Cafes and Coffee Shops,https://www.greggs.co.uk,020 7240 5396 ,/biz/greggs-london-3431981/#view=map,"143 The Strand, Westminster, London, WC2R 1JA",,,
221,Bourbon Coffee,Cafes and Coffee Shops,http://www.bourboncoffeeuk.com,020 7287 4849 ,/biz/bourbon-coffee-london-7208576/#view=map,"103 Charing Cross Rd, London, WC2H 0DT",,,
222,Monmouth Coffee Co,Tea and Coffee Specialist Shops,http://www.monmouthcoffee.co.uk,020 7379 3516 ,/biz/monmouth-coffee-co-london-6757055/#view=map,"27 Monmouth St, London, WC2H 9EU",,,
223,Lick,Cafes and Coffee Shops,http://www.lick-gelato.com,020 8617 0042 ,/biz/lick-london-6883587/#view=map,"55 Greek St, London, W1D 3DT",,,
224,H2c Gelati Ltd,Cafes and Coffee Shops,http://www.amorino.com,020 7494 3300 ,/biz/h2c-gelati-ltd-london-6266500/#view=map,"41 Old Compton St, London, W1D 6HF",,,
225,Fornus,Cafes and Coffee Shops,,020 3648 5876 ,/biz/fornus-london-10160692/#view=map,"55 Frith Street, London, W1D 4SJ",,,
226,Kissaten,Cafes and Coffee Shops,http://www.kissaten.co.uk,020 3976 2045 ,/biz/kissaten-london-10136680/#view=map,"30 Brewer Street, London, W1F 0SS",,,
227,Caffe Concerto,Cafes and Coffee Shops,http://www.caffeconcerto.co.uk?utm_source=yell&utm_medium=refferal&utm_campaign=yell,020 7494 6842 ,/biz/caffe-concerto-london-6952030/#view=map,"79-81 Regent St, London, W1B 4EG",,,
228,Lundenwic,Cafes and Coffee Shops,http://www.lundenwic.com,,/biz/lundenwic-london-8372372/#view=map,"45 Aldwych, Charing Cross, LONDON, WC2B 4DW",,,
229,I Love Nata,Tea and Coffee Specialist Shops,http://www.ilovenata.co.uk,020 7836 7049 ,/biz/i-love-nata-london-8381443/#view=map,"61 Endell St, London, WC2H 9AJ",,,
230,Pret a Manger,Cafes and Coffee Shops,https://locations.pret.co.uk/london/3-duke-of-york,020 7839 6390 ,/biz/pret-a-manger-london-10171093/#view=map,"3 Duke of York, London, SW1Y 6JP",,,
231,Hideaway Coffee,Cafes and Coffee Shops,,,/biz/hideaway-coffee-london-9612029/#view=map,"7 Smiths Court, Haymarket, LONDON, W1D 7DW",,,
232,Vegan Hippo,Cafes and Coffee Shops,,020 7734 8574 ,/biz/vegan-hippo-london-8425304/#view=map,"52 Rupert Street, Chinatown, LONDON, W1D 6DS",,,
233,Costa,Cafes and Coffee Shops,https://www.costa.co.uk,020 7379 5448 ,/biz/costa-london-10098659/#view=map,"44144 Kingsway, London, WC2B 6AN",,,
234,Poetry Cafe,Cafes and Coffee Shops,http://www.poetrysociety.org.uk,020 7420 9888 ,/biz/poetry-cafe-london-4903407/#view=map,"22 Betterton St, London, WC2H 9BX",,3.5,4 Ratings
235,Saladpride,Cafes and Coffee Shops,http://www.pride.kitchen,020 7836 2779 ,/biz/saladpride-london-8729602/#view=map,"2 Neal's Yard, London, WC2H 9DP",,,
236,Redbush Tea Co.Ltd,Tea and Coffee Specialist Shops,http://www.redbushtea.com,0845 601 2658 ,/biz/redbush-tea-co-ltd-london-5929809/#view=map,"90 Long Acre, London, WC2E 9RA",,,
237,Pret a Manger,Cafes and Coffee Shops,https://locations.pret.co.uk/london/93-95-wardour-st,020 7932 5261 ,/biz/pret-a-manger-london-3089276/#view=map,"95-95 Wardour St Soho, London, W1F 0UE",,,
238,Starbucks Coffee Co (Uk) Ltd,Cafes and Coffee Shops,http://www.starbucks.co.uk,020 7287 7536 ,/biz/starbucks-coffee-co-uk-ltd-london-4738597/#view=map,"129-133 Charing Cross Rd, London, WC2H 0EW",,,
239,Bibi's Kitchen,Cafes and Coffee Shops,,,/biz/bibi-s-kitchen-london-9795036/#view=map,"5 Smiths Court, Haymarket, LONDON, W1D 7DW",,,
240,Fresh & Organic Cafe,Cafes and Coffee Shops,http://www.freshandorganic.uk/?utm_source=yell&utm_medium=referral&utm_campaign=yell,020 7404 5153 ,/biz/fresh-and-organic-cafe-london-9321384/#view=map,"174 Drury Lane, London, WC2B 5QF",,,
241,Costa Pronto,Cafes and Coffee Shops,https://www.costa.co.uk,020 7321 2315 ,/biz/costa-pronto-london-10105372/#view=map,"Bridge Street, London, SW1A 2JR",,,
242,Caffe Nero,Cafes and Coffee Shops,http://www.caffenero.com,020 7240 2471 ,/biz/caffe-nero-london-9978202/#view=map,"7b Kingsway, London, WC2B 6XG",,,
243,Franx Snack Bar,Cafes and Coffee Shops,,020 7836 7989 ,/biz/franx-snack-bar-london-7510907/#view=map,"192 Shaftesbury Avenue, London, WC2H 8JL",,,
244,The Manette,Cafes and Coffee Shops,,020 7287 0456 ,/biz/the-manette-london-10137485/#view=map,"16 Manette Street, London, W1D 4AR",,,
245,Cakes & Bubbles,Cafes and Coffee Shops,http://hotelcaferoyal.com,020 7406 3310 ,/biz/cakes-and-bubbles-london-9785204/#view=map,"68A Regent Street, Soho, LONDON, W1B 5RJ",,,
246,My Cup of Tea Ltd,Tea and Coffee Specialist Shops,http://www.mycupoftea.co.uk,020 7836 3000 ,/biz/my-cup-of-tea-ltd-london-8730773/#view=map,"27 Shorts Gardens, London, WC2H 9AP",,,
247,Costa Coffee,Cafes and Coffee Shops,http://www.costa.co.uk,020 7379 5448 ,/biz/costa-coffee-london-8089305/#view=map,"9-11 Kingsway, West End, London, WC2B 6UN",,,
248,Flat White,Cafes and Coffee Shops,http://www.flat-white.co.uk,020 7734 0370 ,/biz/flat-white-london-7847069/#view=map,"17 Berwick St, London, W1F 0PT",,,
249,Beany,Cafes and Coffee Shops,http://www.daisygreenfood.com/,,/biz/beany-london-8891332/#view=map,"Belvedere Road, LONDON, SE1 8XX",,,
