link,title,votes,answers,date,user
https://stackoverflow.com/questions/67292053/is-there-single-way-to-properly-create-a-new-copy-for-all-data-collection,Is there single way to properly create a new copy for all data collection [closed],0,0,2021-04-28 06:51:58,Will Wong
https://stackoverflow.com/questions/67292053/is-there-single-way-to-properly-create-a-new-copy-for-all-data-collection,Is there single way to properly create a new copy for all data collection [closed],0,0,2021-04-28 06:51:58,Will Wong
https://stackoverflow.com/questions/48584730/make-single-plot-from-multi-columns-in-matplotlib-subplots,make single plot from multi columns in matplotlib subplots,1,1,2021-04-28 06:51:17,Jan-Bert
https://stackoverflow.com/questions/40608394/i-am-trying-to-schedule-a-python-file-to-run-using-crontab-but-im-not-familiar-w,I am trying to schedule a python file to run using crontab but im not familiar with how crontab works and i keep getting errors,1,1,2021-04-28 06:51:07,Josip
https://stackoverflow.com/questions/67294911/accessing-data-from-json-object-gives-typeerror,Accessing data from JSON object gives TypeError,0,1,2021-04-28 06:50:54,Ynjxsjmh
https://stackoverflow.com/questions/67293833/socket-error-while-sending-data-as-chunks,Socket Error while sending data as chunks,1,1,2021-04-28 06:50:27,ack
https://stackoverflow.com/questions/67295125/pytorch-model-converted-to-onnx-makes-opencv-crash-but-not-every-time,"Pytorch model converted to ONNX makes OpenCV crash, but not every time",0,0,2021-04-28 06:50:00,Maki Catta
https://stackoverflow.com/questions/64206070/pytorch-runtimeerror-enforce-fail-at-inline-container-cc209-file-not-fou,PyTorch - RuntimeError: [enforce fail at inline_container.cc:209] . file not found: archive/data.pkl,4,4,2021-04-28 06:49:20,Luke Smith
https://stackoverflow.com/questions/67294908/read-csv-got-an-unexpected-keyword-argument-name,read_csv() got an unexpected keyword argument 'name',0,1,2021-04-28 06:49:16,imdevskp
https://stackoverflow.com/questions/67295035/import-discord-py-returns-the-error-modulenotfounderror-aiohttp,"Import discord.py returns the error "" ModuleNotFoundError: aiohttp”",0,0,2021-04-28 06:48:33,Łukasz Kwieciński
https://stackoverflow.com/questions/67294463/discord-py-can-i-make-it-so-i-the-bot-owner-can-use-any-command-in-any-server,"discord.py: Can i make it so i, the bot owner, can use any command in any server regardless of whether i have the required perms or not?",0,1,2021-04-28 06:48:31,Ceres
https://stackoverflow.com/questions/67294936/python-indexerror-list-index-out-of-range-2d-list,Python IndexError: list index out of range (2D list),0,1,2021-04-28 06:48:15,Amit Nanaware
https://stackoverflow.com/questions/67295083/taking-picture-in-python-code-with-no-js-support-in-ide,Taking picture in python code with no JS support in IDE,0,0,2021-04-28 06:47:24,Piotr Banasik
https://stackoverflow.com/questions/67287790/dynamically-add-qtableview-to-dynamically-created-tab-pages-qtabwidget,Dynamically add QTableView to dynamically created tab pages (QTabWidget),0,0,2021-04-28 06:46:30,Caligola
https://stackoverflow.com/questions/67276512/what-is-my-solution-for-the-assign-minions-doing-wrong,What is my Solution for the assign minions doing wrong?,0,1,2021-04-28 06:45:59,pasha
https://stackoverflow.com/questions/67294581/how-to-convert-segy-to-npz,How to convert segy to npz?,0,1,2021-04-28 06:45:51,Stefan Tanuwijaya
https://stackoverflow.com/questions/67295065/how-to-webscrape-this-field,How To WebScrape This Field,0,0,2021-04-28 06:45:50,Void S
https://stackoverflow.com/questions/67295064/tkinter-program-runs-function-but-the-window-pops-up-after-it-ends,Tkinter program runs function but the window pops up after it ends,-1,0,2021-04-28 06:45:36,Andrei Rosca
https://stackoverflow.com/questions/65769362/how-to-fix-attributeerror-with-imagetk-and-tkinter-in-python3-6,How to fix AttributeError with ImageTk and Tkinter in python3.6?,0,1,2021-04-28 06:45:23,Noel Mullankuzhy
https://stackoverflow.com/questions/67294922/how-to-find-maximum-available-date-of-the-month-in-dataframe-in-pandas-python,how to find maximum available date of the month in dataframe in PANDAS/PYTHON,0,1,2021-04-28 06:45:17,Mehdi Abbassi
https://stackoverflow.com/questions/67295056/how-do-i-increase-the-width-of-the-dropdown-list-within-a-spinner,How do I increase the width of the dropdown list within a spinner?,0,0,2021-04-28 06:45:14,Gilson Carvalho
https://stackoverflow.com/questions/67295053/executeerror-error-000561-relationship-invalid-for-selected-layers-failed-to,ExecuteError: ERROR 000561: Relationship invalid for selected layers. Failed to execute (SelectLayerByLocation),0,0,2021-04-28 06:44:58,Jessica Lambert
https://stackoverflow.com/questions/67294815/how-to-detect-a-string-in-dataframe-column-from-a-list-of-names-in-another-dataf,How to detect a string in dataframe column from a list of names in another dataframe column,2,1,2021-04-28 06:44:49,Nk03
https://stackoverflow.com/questions/59203750/qt5-qmake-a-suitable-version-of-python-2-could-not-be-found,Qt5 qmake - A suitable version of Python 2 could not be found,2,2,2021-04-28 06:44:11,wiwakey
https://stackoverflow.com/questions/67257810/is-there-anyway-i-can-import-jobs-data-from-a-file-mostly-csv-for-job-shop,Is there anyway I can import “jobs_data” from a file (mostly .csv) for Job Shop Scheduling provided by Google or-tools?,1,1,2021-04-28 06:43:13,Ashok Arora
https://stackoverflow.com/questions/67240971/prevent-matplotlib-ginput-registering-click-on-widget-button,prevent matplotlib ginput registering click on widget button,1,2,2021-04-28 06:43:07,tdy
https://stackoverflow.com/questions/67295027/is-it-possible-to-change-the-highlight-color-on-hover-on-a-pdf-rectangle-using-p,Is it possible to change the highlight color on hover on a pdf rectangle using PyMuPdf?,-1,0,2021-04-28 06:43:03,Ranjith
https://stackoverflow.com/questions/67293426/trouble-when-running-tansorflow-project,trouble when running tansorflow project,0,1,2021-04-28 06:42:49,user11987955
https://stackoverflow.com/questions/67261301/azure-durable-functions-500-502-504-error,Azure Durable Functions 500 502 504 Error,1,1,2021-04-28 06:42:49,BaracCudax
https://stackoverflow.com/questions/67294905/how-to-add-grouping-mechanism-inside-for-loop-in-bash,how to add grouping mechanism inside for loop in bash,0,0,2021-04-28 06:42:35,prex
https://stackoverflow.com/questions/67294532/find-round-routs-in-a-list-of-tuples-in-python,find round routs in a list of tuples in python,0,1,2021-04-28 06:42:35,jpro
https://stackoverflow.com/questions/67295010/how-do-i-schedule-a-task-to-run-at-a-fixed-time-in-discord-py,How do I schedule a task to run at a fixed time in discord.py?,0,0,2021-04-28 06:42:02,Lucifer
https://stackoverflow.com/questions/67287619/python-input-in-unicode-with-backspace-problem,Python input in unicode with backspace problem,2,0,2021-04-28 06:41:35,Ahmad
https://stackoverflow.com/questions/67295007/trouble-with-integrating-a-matrix-valued-function-in-quadpy,Trouble with Integrating a Matrix-Valued Function in Quadpy,0,0,2021-04-28 06:41:31,Dev Jasuja
https://stackoverflow.com/questions/67295006/sort-csv-file-by-timestamp-with-python,Sort CSV File by Timestamp with Python,0,0,2021-04-28 06:41:29,Zerox
https://stackoverflow.com/questions/67293459/uncaught-in-promise-error-size4704000-must-match-the-product-of-shape-6000,Uncaught (in promise) Error: Size(4704000) must match the product of shape 6000,0,0,2021-04-28 06:41:28,Nishuthan S
https://stackoverflow.com/questions/67290447/network-monitoring-with-python,Network monitoring with python [closed],-1,0,2021-04-28 06:41:26,Lukl
https://stackoverflow.com/questions/67293321/how-do-i-get-the-difference-of-each-number-in-the-list-from-other-numbers,How do I get the difference of each number in the list from other numbers?,1,3,2021-04-28 06:40:52,Moon President
https://stackoverflow.com/questions/67294717/pyqt5-setcentralwidget-clashes-with-qaction-function,PyQt5: setCentralWidget clashes with QAction function,1,0,2021-04-28 06:38:39,Kathakali Bhoumik
https://stackoverflow.com/questions/67294966/merge-two-point-clouds-with-known-positions-python-opencv-transformation,"Merge two point clouds with known positions (python, OpenCV) - Transformation",0,0,2021-04-28 06:38:14,gelario
https://stackoverflow.com/questions/67294942/how-to-put-mmap-file-into-memory,how to put mmap file into memory,0,0,2021-04-28 06:36:35,Yuval Amit
https://stackoverflow.com/questions/67294740/send-ip-notification-with-python,Send IP notification with Python,0,1,2021-04-28 06:36:34,Stefan Tanuwijaya
https://stackoverflow.com/questions/67291870/how-to-filter-rows-from-pandas-dataframe-that-increase-in-value-based-on-datetim,How to filter rows from pandas dataframe that increase in value based on datetime column?,1,1,2021-04-28 06:36:16,Rivered
https://stackoverflow.com/questions/67294933/serializer-is-not-define-cant-make-nested-relationships,"serializer is not define, can't make Nested relationships",0,0,2021-04-28 06:36:14,lukmanul hakim
https://stackoverflow.com/questions/67285633/translated-tensorflow-python-to-c-sharp-xor-sample-throws-exception,Translated TensorFlow Python to C# XOR sample throws exception,2,1,2021-04-28 06:36:13,g.pickardou
https://stackoverflow.com/questions/67294725/update-rows-if-data-is-missing-from-other-tables-based-on-conditions-python-pand,update rows if data is missing from other tables based on conditions python pandas,0,1,2021-04-28 06:36:10,sushanth
https://stackoverflow.com/questions/67294511/matplotlib-return-arrays-must-be-of-arraytype,Matplotlib- return arrays must be of ArrayType,0,0,2021-04-28 06:36:06,r-beginners
https://stackoverflow.com/questions/67294924/telethon-and-messages-not-received-from-some-channels,Telethon and messages not received from some channels,0,0,2021-04-28 06:35:48,Val
https://stackoverflow.com/questions/67294917/error-while-install-pywin32-python-library-in-pycharm-in-raspberry-pi-4b,Error while install pywin32 python library in pycharm in raspberry pi 4b,0,0,2021-04-28 06:35:02,khushali trivedi
https://stackoverflow.com/questions/67280718/how-to-get-the-img-src-link-from-the-zomato-order-page,How to get the img (src) link from the Zomato order page?,-1,3,2021-04-28 06:34:32,Prophet
https://stackoverflow.com/questions/67294906/plot-a-function-that-takes-constant-values-for-each-interval-timestep-in-pytho,Plot a function that takes constant values for each interval (timestep) in python,0,0,2021-04-28 06:33:58,amal nammouchi
https://stackoverflow.com/questions/67294906/plot-a-function-that-takes-constant-values-for-each-interval-timestep-in-pytho,Plot a function that takes constant values for each interval (timestep) in python,0,0,2021-04-28 06:33:58,amal nammouchi
https://stackoverflow.com/questions/67294320/how-to-split-a-numpy-array-into-arrays-with-specific-number-of-elements,How to split a numpy array into arrays with specific number of elements,0,3,2021-04-28 06:33:45,Carlos E Jimenez
https://stackoverflow.com/questions/67294899/terminateend-kill-a-specific-thread-in-python,"Terminate(end, kill) a specific thread in python?",0,0,2021-04-28 06:33:41,TechMaster254
https://stackoverflow.com/questions/67285374/how-to-get-scatter-points-for-a-scatter-plot-with-different-colors-in-accordance,How to get scatter points for a scatter plot with different colors in accordance to a particular range,1,1,2021-04-28 06:33:33,tdy
https://stackoverflow.com/questions/67293328/macos-tkinter-tclerror-cant-find-package-tix,macos _tkinter TclError: can't find package Tix,0,1,2021-04-28 06:33:00,leehistory
https://stackoverflow.com/questions/67294885/mathplotlib-set-plot-color-based-on-an-object-id,Mathplotlib set plot color based on an object id,0,0,2021-04-28 06:32:50,Tenshi
https://stackoverflow.com/questions/67294884/how-to-compare-if-2-dates-within-24-hours,How to compare if 2 dates within 24 hours [closed],-2,0,2021-04-28 06:32:50,SqueakyDeath
https://stackoverflow.com/questions/59839782/confusion-matrix-font-size,Confusion Matrix font size,3,3,2021-04-28 06:32:46,Rohan
https://stackoverflow.com/questions/67294868/speech-recognition-says-unknown-value-error,Speech Recognition says Unknown Value Error,0,0,2021-04-28 06:32:01,Ashik
https://stackoverflow.com/questions/67212307/getting-geb-driver-drivercreationexception-when-i-run-jenkins-automationseleniu,Getting geb.driver.DriverCreationException when I run jenkins automation(Selenium with groovy) job on LINUX computer,0,0,2021-04-28 06:31:53,Ashu
https://stackoverflow.com/questions/67294801/time-series-simulation-with-numba,Time series simulation with Numba,0,0,2021-04-28 06:31:24,Alexis Rosuel
https://stackoverflow.com/questions/67293643/unsuccessful-in-converting-byte-arrayof-jpg-file-sent-over-socket-through-andro,Unsuccessful in converting byte array(of jpg file sent over socket through android client) back in to jpg file(file gets corrupt),1,1,2021-04-28 06:29:41,Krishna
https://stackoverflow.com/questions/67294824/could-flask-logging-use-for-saving-user-login-datetime-and-username-email,Could Flask-logging use for saving user login datetime and username/email?,-1,0,2021-04-28 06:28:36,dannisis
https://stackoverflow.com/questions/67273903/unit-test-tensorflow-transform-operations,Unit test Tensorflow Transform operations,0,1,2021-04-28 06:28:17,yudhiesh
https://stackoverflow.com/questions/67293988/python-numpy-array-of-objects-where-each-object-is-a-different-size-numpy-array,Python NumPy array of objects where each object is a different size NumPy array,0,3,2021-04-28 06:27:15,hpaulj
https://stackoverflow.com/questions/67280750/deploying-a-machine-learning-model-on-azure,Deploying a Machine Learning Model on Azure,0,0,2021-04-28 06:27:08,Akshat Bahety
https://stackoverflow.com/questions/67294641/how-to-convert-a-string-containing-blank-lines-in-between-into-json-format,How to convert a string containing blank lines in between into json format?,-1,1,2021-04-28 06:25:58,KD6-3.7
https://stackoverflow.com/questions/67294552/how-to-get-rid-from-eof-in-huffman-function-using-pyhton,how to get rid from EOF in huffman function using pyhton,-3,0,2021-04-28 06:25:38,molbdnilo
https://stackoverflow.com/questions/67294774/i-want-to-target-auth-user-model-to-a-custom-user-model-in-sub-directory,I want to target AUTH_USER_MODEL to a custom user model in sub directory,0,0,2021-04-28 06:24:39,Aatish Kumar
https://stackoverflow.com/questions/67216690/knowing-which-distance-metric-to-use-for-color-differences-in-pixels-rgb,Knowing which distance metric to use for 'color differences' in pixels (RGB),1,1,2021-04-28 06:24:23,simonet
https://stackoverflow.com/questions/64815227/attributeerror-module-seaborn-has-no-attribute-histplot,AttributeError: module 'seaborn' has no attribute 'histplot',16,2,2021-04-28 06:24:12,momentum
https://stackoverflow.com/questions/67294762/cant-start-programs-python-programs,Can't start programs python programs [closed],-4,0,2021-04-28 06:23:45,Lamakus
https://stackoverflow.com/questions/67290693/how-to-create-a-list-of-5-next-numbers-that-are-not-divided-by-3,How to create a list of 5 next numbers that are not divided by 3,1,4,2021-04-28 06:23:40,Nk03
https://stackoverflow.com/questions/46383210/why-view-functions-require-a-request-parameter-in-django,Why view functions require a request parameter In Django?,5,3,2021-04-28 06:23:22,Michal Rosenbaum
https://stackoverflow.com/questions/67294654/use-python-re-lib-parsing-user-define-xpath-scripts,use python re lib parsing “user define xpath” scripts,0,0,2021-04-28 06:23:12,Tim Roberts
https://stackoverflow.com/questions/67289809/templatedoesnotexist-at-post-new-when-i-host-the-django-project-on-heroku,TemplateDoesNotExist at /post/new/ When i host the django project on heroku,0,1,2021-04-28 06:23:03,Akash NO
https://stackoverflow.com/questions/42537194/how-to-check-if-xls-and-csv-files-are-empty,How to check if .xls and .csv files are empty,8,7,2021-04-28 06:22:54,Nischal Garg
https://stackoverflow.com/questions/67292833/how-to-navigate-to-certain-tags-in-beautifulsoup-object,How to navigate to certain tags in BeautifulSoup object?,0,2,2021-04-28 06:22:32,QHarr
https://stackoverflow.com/questions/67293622/comparing-2-uneven-lists-consists-of-dictionaries-with-unique-keys-in-python-and,Comparing 2 uneven lists consists of dictionaries with unique keys in python and search key value in a but not in b,1,1,2021-04-28 06:22:13,Sid
https://stackoverflow.com/questions/67294557/how-do-read-xml-file-using-python-and-display-data-in-table-format,How do read xml file using python and display data in table format?,0,1,2021-04-28 06:21:35,flakes
https://stackoverflow.com/questions/67293204/removing-characters-from-a-list-in-python-function,Removing characters from a list in python function,-1,3,2021-04-28 06:21:23,data_person
https://stackoverflow.com/questions/61570547/split-multidimensional-list-python-and-combine-with-another-list-python,Split multidimensional list python and combine with another list python,0,2,2021-04-28 06:21:10,Shubham Sharma
https://stackoverflow.com/questions/67294729/python-selenium-how-to-make-captcha-slide-automatically,Python Selenium how to make CAPTCHA slide automatically,0,0,2021-04-28 06:20:50,Joyce
https://stackoverflow.com/questions/67294726/get-all-commitids-between-two-branches-codecommit-with-cdk,Get all CommitIds between two Branches (codecommit) with cdk,0,0,2021-04-28 06:20:29,Franklin216
https://stackoverflow.com/questions/67294150/how-to-get-the-unselected-population-in-python-random-module,How to get the unselected population in python random module,0,4,2021-04-28 06:19:28,Matthias Fripp
https://stackoverflow.com/questions/35542444/using-a-bat-to-change-directories-and-run-jupyter,Using a .bat to change directories and run Jupyter,10,7,2021-04-28 06:18:40,mkastner
https://stackoverflow.com/questions/67291485/running-outlook-through-win32com-client-using-task-scheduler-python,Running Outlook through win32com.client using Task Scheduler (Python),0,1,2021-04-28 06:18:28,Eugene Astafiev
https://stackoverflow.com/questions/67294694/pip-install-offline-package-with-sequence,pip install offline package with sequence,-1,0,2021-04-28 06:17:38,Freeman.C
https://stackoverflow.com/questions/67294681/how-can-i-change-the-name-of-a-vba-module-with-python,How can i change the name of a VBA Module with python,0,0,2021-04-28 06:16:24,alabauma
https://stackoverflow.com/questions/67286301/inorder-tree-traversal-with-minimal-parentheses,Inorder tree traversal with minimal parentheses,1,0,2021-04-28 06:15:46,Martin Pribyl
https://stackoverflow.com/questions/67293671/select-n-top-ranked-names-from-a-python-list-based-on-a-rank-list,select n top ranked names from a python list based on a rank-list,0,2,2021-04-28 06:15:07,Nk03
https://stackoverflow.com/questions/67294663/sqlite-browser-flask-key-difficulty-error,SQLite Browser: Flask key difficulty error,0,0,2021-04-28 06:14:52,Elton Tan
https://stackoverflow.com/questions/67294364/python-snap7-on-anaconda-for-windows-10-cant-find-snap7-library,python snap7 on Anaconda for windows 10 - can't find snap7 library,0,0,2021-04-28 06:14:51,Vincentino
https://stackoverflow.com/questions/67292428/struggling-to-install-tensorflow,Struggling to install Tensorflow,3,1,2021-04-28 06:13:51,Maryam Bahrami
https://stackoverflow.com/questions/67266583/capacitor-discharge-solve-differential-equation-with-composite-function,Capacitor discharge - solve differential equation with composite function,1,1,2021-04-28 06:12:18,MauroL
https://stackoverflow.com/questions/67293923/control-on-led-by-health-bar-percentage-in-league-of-legends,Control on led by health bar percentage in league of legends,0,1,2021-04-28 06:12:03,Reda loukhnati
https://stackoverflow.com/questions/67294313/marking-anomalies-in-1d-data,Marking anomalies in 1D data,-1,1,2021-04-28 06:11:27,Giordano
https://stackoverflow.com/questions/67271514/offline-flask-how-can-i-integrate-local-scripts-loading-failed-for-the-scri,Offline Flask: How can I integrate local scripts? (“Loading failed for the <script>”) [duplicate],-1,0,2021-04-28 06:11:01,Nico Autia
https://stackoverflow.com/questions/67294549/correct-way-of-importing-a-class-into-a-testfile,Correct way of importing a class into a testfile,0,1,2021-04-28 06:10:42,Tim Roberts
https://stackoverflow.com/questions/67294303/python-is-hard-this-code-wont-work-for-whatever-reason,python is hard. this code wont work for whatever reason [closed],-3,2,2021-04-28 06:09:08,R. Dinanjanan
https://stackoverflow.com/questions/67285902/show-both-relative-and-absolute-difference-in-plotly-indicator-python,Show both relative and absolute difference in Plotly Indicator python,2,1,2021-04-28 06:08:21,Derek O
https://stackoverflow.com/questions/67285902/show-both-relative-and-absolute-difference-in-plotly-indicator-python,Show both relative and absolute difference in Plotly Indicator python,2,1,2021-04-28 06:08:21,Derek O
https://stackoverflow.com/questions/67293614/how-does-catboost-choose-a-value-for-missing-numeric-values,How does catboost choose a value for missing numeric values?,0,0,2021-04-28 06:07:03,molbdnilo
https://stackoverflow.com/questions/67265051/install-packages-that-have-dependencies-using-google-cloud-functions,Install packages that have dependencies using Google Cloud Functions,1,2,2021-04-28 06:07:02,7-H2O Lab
https://stackoverflow.com/questions/67288808/unicodedecodeerror-utf-8-codec-cant-decode-byte-0xa0-in-position-107654-inv,UnicodeDecodeError: 'utf-8' codec can't decode byte 0xa0 in position 107654: invalid start byte Django database change to MySQL,0,1,2021-04-28 06:06:46,DolceVita34
https://stackoverflow.com/questions/67290136/how-to-put-images-on-another-image-in-order,How to put images on another image in order?,0,0,2021-04-28 06:06:11,molbdnilo
https://stackoverflow.com/questions/67294484/multiprocessing-process-instability-problem-in-python,Multiprocessing process instability problem in python,0,0,2021-04-28 06:05:44,jin zhang
https://stackoverflow.com/questions/67292703/count-the-number-of-specific-key-in-pyspark,Count the number of specific key in Pyspark,0,2,2021-04-28 06:05:36,Vaebhav
https://stackoverflow.com/questions/67294409/left-shift-with-condition-in-pandas,Left shift with condition in pandas,2,1,2021-04-28 06:05:21,Nk03
https://stackoverflow.com/questions/67293330/how-can-i-use-path-django-for-locating-and-loading-templates-django-3-2,how can i use path Django for locating and loading templates? Django 3.2,1,1,2021-04-28 06:04:58,Akash NO
https://stackoverflow.com/questions/67294564/plot-legend-of-seaborn-relplot-inside-diagramm-with-tkinter,Plot legend of seaborn.relplot inside diagramm with tkinter,0,0,2021-04-28 06:04:53,Milchglasarena
https://stackoverflow.com/questions/67220559/viewing-ipython-notebooks-line-based-diff-in-vs-code-while-using-the-python-ext,Viewing Ipython Notebooks' line based diff in VS Code while using the Python extension,0,2,2021-04-28 06:04:00,enryh
https://stackoverflow.com/questions/67271894/update-individual-value-in-an-xarray-dataarray-in-place,Update individual value in an xarray DataArray in-place?,0,2,2021-04-28 06:03:40,Maximilian
https://stackoverflow.com/questions/67293702/is-there-a-way-to-set-a-default-value-from-microsoft-graph-using-forms-py,Is there a way to set a default value from Microsoft Graph using Forms.Py?,0,0,2021-04-28 06:03:26,Allen Wu
https://stackoverflow.com/questions/67288173/can-a-dictionary-python-like-this-not-string-but-span-from-spacy,Can a dictionary (python) like this? not string but span (from spaCy)?,-2,2,2021-04-28 06:03:12,Nina
https://stackoverflow.com/questions/3489071/in-python-when-to-use-a-dictionary-list-or-set,"In Python, when to use a Dictionary, List or Set?",313,12,2021-04-28 06:02:52,SIslam
https://stackoverflow.com/questions/48235743/ubuntu-python-unable-to-pip-install-dlib-failed-building-wheel-for-dlib-and-m,Ubuntu Python: unable to pip install dlib - Failed building wheel for dlib and machine is almost stuck,1,2,2021-04-28 06:02:24,7-H2O Lab
https://stackoverflow.com/questions/46874171/pycharm-doesnt-recognize-project-packages,Pycharm doesnt recognize project packages,8,3,2021-04-28 06:02:03,sonvx
https://stackoverflow.com/questions/67294085/djnago-models-design-database,Djnago Models Design Database,0,1,2021-04-28 05:58:44,Klim Bim
https://stackoverflow.com/questions/54837820/error-while-pushing-to-heroku-requested-runtime-is-not-available-for-this-stack,Error while pushing to Heroku: requested runtime is not available for this stack,10,4,2021-04-28 05:58:43,Ayaz Saiyed
https://stackoverflow.com/questions/65357481/how-to-do-multiple-inferencing-on-onnxonnxruntime-similar-to-sklearn,How to do multiple inferencing on onnx(onnxruntime) similar to sklearn,1,1,2021-04-28 05:56:07,Scott McKay
https://stackoverflow.com/questions/67294480/update-the-customjs-data-with-python-function-bokeh,Update the CustomJS data with Python function Bokeh,0,0,2021-04-28 05:56:01,axel_ande
https://stackoverflow.com/questions/67293929/permutation-and-combination-with-python-pandas,Permutation and combination with Python Pandas,-1,0,2021-04-28 05:53:23,Yunus
https://stackoverflow.com/questions/67294453/python-program-to-convert-dna-into-binary,Python program to convert dna into binary,-1,0,2021-04-28 05:53:14,Amreen Sheikh
https://stackoverflow.com/questions/67294448/setting-environment-variables-for-heroku-python-app-in-ubuntu,Setting environment variables for Heroku / python app in Ubuntu,0,0,2021-04-28 05:52:53,user2859829
https://stackoverflow.com/questions/67294446/prints-from-code-imported-to-google-colab-doesnt-display,prints from code imported to google colab doesn't display,0,0,2021-04-28 05:52:49,GalSuchetzky
https://stackoverflow.com/questions/67170255/read-output-of-a-command-executed-on-ssh-server-with-paramiko-as-string-not-as,"Read output of a command executed on SSH server with Paramiko as string, not as bytes",1,1,2021-04-28 05:50:38,Martin Prikryl
https://stackoverflow.com/questions/67294218/how-can-i-filter-for-rows-one-hour-before-and-after-a-set-timestamp-in-python,How can I filter for rows one hour before and after a set timestamp in Python?,0,1,2021-04-28 05:50:14,Renaud
https://stackoverflow.com/questions/55942693/how-do-i-save-the-entire-graph-without-it-being-cut-off,How do I save the entire graph without it being cut off?,0,1,2021-04-28 05:49:48,Arun Garg
https://stackoverflow.com/questions/67294107/parse-only-specific-characters-from-the-string-using-python,Parse only specific characters from the string using python,1,3,2021-04-28 05:49:27,v2sciences
https://stackoverflow.com/questions/67294354/how-to-send-mail-by-python-without-any-username-or-passwords,How to send mail. by python without any username or passwords?,-1,1,2021-04-28 05:49:01,enriqueojedalara
https://stackoverflow.com/questions/67294112/discord-py-how-to-wait-for-new-message-in-channel-and-use-its-content-for-anoth,Discord.py: How to wait for new message in channel and use its content for another embed,0,1,2021-04-28 05:48:52,Ceres
https://stackoverflow.com/questions/61466934/convert-list-of-dict-to-csv-string-using-dict-keys,convert list of dict to CSV string using dict_keys,3,2,2021-04-28 05:48:01,Shubham Sharma
https://stackoverflow.com/questions/67217892/integrate-website-with-activex-control-in-python,Integrate website with Activex control in python,0,0,2021-04-28 05:47:15,Netstorm
https://stackoverflow.com/questions/67264074/use-python-list-as-input-for-matlab-function-in-python,Use Python list as input for Matlab function in Python,1,1,2021-04-28 05:46:52,Cris Luengo
https://stackoverflow.com/questions/28458524/how-to-round-to-zero-decimals-if-there-is-no-decimal-value-with-jinja2,How to round to zero decimals if there is no decimal value with Jinja2?,3,4,2021-04-28 05:46:15,KinGiNtHeNoRtH
https://stackoverflow.com/questions/67294221/having-problems-pickling-and-loading-for-class,Having problems pickling and loading for class,0,1,2021-04-28 05:45:53,shantanuskale
https://stackoverflow.com/questions/61949127/error-message-not-working-as-expected-in-django,Error message not working as expected in Django,0,3,2021-04-28 05:44:15,Itz  Me Shefi
https://stackoverflow.com/questions/67250249/loss-is-always-nan-when-training-a-deep-learning-model-from-tabular-data,Loss is always nan when training a deep learning model from tabular data,0,2,2021-04-28 05:43:38,Zedler
https://stackoverflow.com/questions/67291315/create-a-dictionary-from-a-txt-file,Create a dictionary from a txt file,0,5,2021-04-28 05:43:15,Nk03
https://stackoverflow.com/questions/67278325/scrape-the-snippet-text-from-google-search-page,Scrape the snippet text from google search page,0,1,2021-04-28 05:43:08,vitaliis
https://stackoverflow.com/questions/67294013/what-is-the-extra-set-of-parenthesis-outside-of-the-parentheses-for-creating-a-l,What is the extra set of parenthesis outside of the parentheses for creating a layer object in Python / Keras?,0,1,2021-04-28 05:42:25,Mohammad Alavi
https://stackoverflow.com/questions/67011396/how-to-copy-and-modify-a-secret-in-aws-cdk,How to copy and modify a secret in AWS CDK,1,1,2021-04-28 05:41:47,firxworx
https://stackoverflow.com/questions/67294203/what-is-the-correct-way-to-make-this-sql-works,What is the correct way to make this SQL works?,0,1,2021-04-28 05:40:12,Ahmed Toumi
https://stackoverflow.com/questions/63262414/typeerror-count-takes-at-least-1-argument-0-given,TypeError : count() takes at least 1 argument (0 given),1,4,2021-04-28 05:39:59,Gabip
https://stackoverflow.com/questions/46864696/how-to-resolve-python-error-while-generating-pie-chart-valueerror-explode-m,How to resolve Python error while generating Pie chart : ValueError: 'explode' must be of length 'x',3,2,2021-04-28 05:39:37,Arun Garg
https://stackoverflow.com/questions/67292149/azure-chat-bot-fails-to-authenticate,Azure chat bot fails to authenticate,0,1,2021-04-28 05:38:53,Vinoth Rajendran
https://stackoverflow.com/questions/58688630/how-to-find-lat-long-coordinates-in-a-image-if-we-have-lat-long-of-4-corners,"How to find lat/long coordinates in a image, If we have lat/long of 4 corners",1,2,2021-04-28 05:37:02,whitecircle
https://stackoverflow.com/questions/65033069/valueerror-dataset-with-data-id-554-not-found,ValueError: Dataset with data_id 554 not found,3,2,2021-04-28 05:36:08,R.Sankar Mahesh
https://stackoverflow.com/questions/67294286/pandas-dataframe-returns-tuple-instead-of-string-when-creating-protobuf-message,Pandas dataframe returns tuple instead of string when creating Protobuf message,0,0,2021-04-28 05:35:51,Ben
https://stackoverflow.com/questions/67294285/opencv-problems,OpenCV problems,-3,0,2021-04-28 05:35:43,Amol Chougule
https://stackoverflow.com/questions/66944599/value-is-not-injecting-in-springboot-test-context,@Value is not injecting in SpringBoot Test Context,0,1,2021-04-28 06:52:47,Pamela Peng
https://stackoverflow.com/questions/66944599/value-is-not-injecting-in-springboot-test-context,@Value is not injecting in SpringBoot Test Context,0,1,2021-04-28 06:52:47,Pamela Peng
https://stackoverflow.com/questions/67295139/failed-to-reconnect-to-ignite-cluster-on-client-side-node,Failed to reconnect to ignite cluster on client side node,0,0,2021-04-28 06:50:55,Aman Dhaka
https://stackoverflow.com/questions/67125294/need-to-login-from-java-application-with-azure-ad-credentials-via-keyclock,Need to login from Java Application with Azure AD Credentials via Keyclock,0,1,2021-04-28 06:50:33,Allen Wu
https://stackoverflow.com/questions/67295114/spring-scheduled-task-stopping-unexpectedly,Spring scheduled task stopping unexpectedly,0,0,2021-04-28 06:49:32,Mahesh Bhuva
https://stackoverflow.com/questions/67295072/when-should-an-inputstrem-reading-from-a-socket-be-closed,When should an inputstrem reading from a socket be closed?,0,0,2021-04-28 06:46:15,Ellen W
https://stackoverflow.com/questions/67289822/spring-boot-autoconfigure-application-start-fails,Spring boot autoconfigure application start fails,0,1,2021-04-28 06:44:19,samabcde
https://stackoverflow.com/questions/67288997/return-type-of-overloaded-methods-in-java,Return type of overloaded methods in Java,-3,4,2021-04-28 06:43:10,Naetmul
https://stackoverflow.com/questions/67294169/read-only-a-specific-object-in-json-file-to-be-readable-by-java,Read only a specific object in json file to be readable by java?,-1,1,2021-04-28 06:39:21,Dharman
https://stackoverflow.com/questions/67294113/open-failed-eacces-permission-denied-in-android-q-by-using-scope-storage-and,Open failed: EACCES (Permission denied) in android Q by using scope storage and Targeting android 11,0,0,2021-04-28 06:38:38,Arsalan Khan
https://stackoverflow.com/questions/67284770/webflux-and-keycloak-using-for-method-security-level-preauthorize-custom-claim,Webflux and keycloak using for method security level @Preauthorize custom claim in jwt instead of default scope,1,0,2021-04-28 06:36:58,spring00
https://stackoverflow.com/questions/52069585/annotate-an-annotation-as-an-entry-point-in-intellij-idea-without-modifying-prof,Annotate an annotation as an entry point in IntelliJ IDEA without modifying profile,0,1,2021-04-28 06:36:19,karma-works
https://stackoverflow.com/questions/64341139/running-with-invalid-jaxp-api-or-implementation-axis2-using-ant,running with invalid JAXP api or implementation axis2 using ant,0,1,2021-04-28 06:34:40,yogev levi
https://stackoverflow.com/questions/67294867/how-to-extract-the-json-value-from-json-string-using-java,How to Extract the Json Value from Json String using Java?,0,0,2021-04-28 06:32:00,Nitesh
https://stackoverflow.com/questions/67293960/check-if-all-values-of-a-map-are-true,Check if all values of a map are true,0,5,2021-04-28 06:31:58,Dietmar Höhmann
https://stackoverflow.com/questions/37447721/could-not-find-or-load-main-class-in-sts-eclipse,Could not find or load main class in STS/Eclipse,7,17,2021-04-28 06:31:49,Wenbo Wang
https://stackoverflow.com/questions/67294604/java-method-returning-a-java-lang-class-extends-t-for-passing-into-generics,Java method returning a java.lang.Class<? extends T> for passing into generics,0,1,2021-04-28 06:30:43,PShing
https://stackoverflow.com/questions/67293643/unsuccessful-in-converting-byte-arrayof-jpg-file-sent-over-socket-through-andro,Unsuccessful in converting byte array(of jpg file sent over socket through android client) back in to jpg file(file gets corrupt),1,1,2021-04-28 06:29:41,Krishna
https://stackoverflow.com/questions/47754891/spring-unable-to-determine-the-correct-call-signature-multiple-procedures-fun,Spring: Unable to determine the correct call signature - multiple procedures/functions/signatures,4,3,2021-04-28 06:28:57,alok
https://stackoverflow.com/questions/67227908/liferay-6-0-get-webform-portlet-data-from-db-with-java-controller,Liferay 6.0 get WebForm-portlet data from db with java controller,0,1,2021-04-28 06:27:52,Olaf Kock
https://stackoverflow.com/questions/67294806/android-studio-connect-to-mysql-keep-crashing,Android studio connect to mysql keep crashing,0,0,2021-04-28 06:27:14,Lu Yien Wong
https://stackoverflow.com/questions/67294584/creating-a-communication-between-client-and-server-node-in-unetstack-using-unets,Creating a communication between client and server node in unetstack using UnetSocket,1,1,2021-04-28 06:25:52,notthetup
https://stackoverflow.com/questions/21898425/how-to-use-cardlayout-with-netbeans-gui-builder,How to use CardLayout with Netbeans GUI Builder,22,2,2021-04-28 06:25:20,harschr
https://stackoverflow.com/questions/67294765/spring-data-jpa-specification-filtering-complex-data,Spring Data JPA Specification: Filtering complex data,2,0,2021-04-28 06:24:07,raghuveer
https://stackoverflow.com/questions/67294763/jsonobjectrequest-volley-library-is-not-working,JsonobjectRequest volley library is not working,0,0,2021-04-28 06:23:53,Nikunj Gadia
https://stackoverflow.com/questions/67288460/four-rule-calculations,Four rule calculations,0,1,2021-04-28 06:23:00,Tarmo
https://stackoverflow.com/questions/67287169/how-to-fix-hibernate-search-createclient-error,How to fix Hibernate Search createClient error?,-2,1,2021-04-28 06:21:39,yrodiere
https://stackoverflow.com/questions/67269886/why-do-i-get-field-required-a-bean-of-type-that-could-not-be-found,Why do I get “Field required a bean of type that could not be found.”?,0,1,2021-04-28 06:21:11,Lucia
https://stackoverflow.com/questions/67294727/how-to-drag-image-like-a-map-in-android-studio,How to drag image like a map in Android Studio,0,0,2021-04-28 06:20:38,Akzhan
https://stackoverflow.com/questions/67294724/flag-translucent-status-remove-from-other-fragment,FLAG_TRANSLUCENT_STATUS remove from other fragment,0,0,2021-04-28 06:20:17,Sohail Khan
https://stackoverflow.com/questions/40480/is-java-pass-by-reference-or-pass-by-value,Is Java “pass-by-reference” or “pass-by-value”?,7018,89,2021-04-28 06:17:51,frostcs
https://stackoverflow.com/questions/67294692/date-format-not-matching,Date format not matching,0,0,2021-04-28 06:17:26,Niya
https://stackoverflow.com/questions/67294439/javascript-program-that-calculates-and-prints-the-sum-of-the-integers-from-1-to,Javascript Program That calculates and prints the sum of the integers from 1 to 10 [closed],-6,1,2021-04-28 06:15:12,Aqib Naeem
https://stackoverflow.com/questions/67294292/how-to-generate-native-header-from-a-file-in-eclipse-using-javac,How to generate native header from a file in Eclipse using javac,0,0,2021-04-28 06:14:03,Piglet
https://stackoverflow.com/questions/63798832/error-org-openqa-selenium-scripttimeoutexception-script-timeout,Error : org.openqa.selenium.ScriptTimeoutException: script timeout,0,3,2021-04-28 06:12:50,Sameen Javid
https://stackoverflow.com/questions/67293579/how-to-get-list-of-azure-storage-account-turn-off-azure-defender-by-using-rest-a,How to get list of azure storage account turn off azure defender by using rest api or java sdk,0,0,2021-04-28 06:11:34,Stanley Gong
https://stackoverflow.com/questions/67278320/hibernate-jsonnode-to-mysql-json-field-attributeconverter,Hibernate JsonNode to MySQL Json field - AttributeConverter,0,0,2021-04-28 06:10:31,Adithya K S
https://stackoverflow.com/questions/67294574/how-to-generate-different-email-addresses-from-full-name-in-java,How to generate different email addresses from full name in java? [closed],-2,0,2021-04-28 06:09:48,Svetlin Zarev
https://stackoverflow.com/questions/6382877/how-to-show-data-from-database-to-jtable-of-java-swing-controls,how to show data from database to JTable of Java Swing Controls,2,2,2021-04-28 06:09:41,Community
https://stackoverflow.com/questions/67293423/recyclerview-no-adapter-attached-skipping-layout-problem,RecyclerView: No adapter attached; skipping layout Problem,-1,2,2021-04-28 06:09:16,Davud Seyfullayev
https://stackoverflow.com/questions/67294597/java-reflection-onto-generic-type,JAVA - Reflection onto Generic Type [duplicate],-1,0,2021-04-28 06:08:10,Andreas Rainer
https://stackoverflow.com/questions/67294408/how-to-configure-postgres-sql-url-in-jdbc-using-spring-xml,How to configure postgres sql URL in JDBC using spring.xml,0,1,2021-04-28 06:08:00,Laurenz Albe
https://stackoverflow.com/questions/67294513/overflow-error-in-java-code-while-running-from-main-method,Overflow error in java code while running from main method [duplicate],-5,1,2021-04-28 06:05:34,Sean
https://stackoverflow.com/questions/67294573/documentum-api-in-java,Documentum API in java,0,0,2021-04-28 06:05:20,JESSIE
https://stackoverflow.com/questions/67262419/how-to-make-steam-login-to-html-page-in-javascript-without-php,How to make steam login to html page in javascript without php [closed],-1,0,2021-04-28 06:04:24,maks chojniak
https://stackoverflow.com/questions/60216204/error-occurred-during-initialization-of-boot-layer-java,Error occurred during initialization of boot layer -java,2,2,2021-04-28 06:03:50,Med Yasine
https://stackoverflow.com/questions/67293811/java-if-statement-trouble,Java If Statement Trouble [closed],-4,2,2021-04-28 06:03:30,Paul Rooney
https://stackoverflow.com/questions/17093862/error-could-not-find-action-or-result-no-result-defined-for-action-action-part,"Error: Could not find action or result No result defined for action action.Part and result {“col1”:“col1”,“col2”:“col2”}",11,2,2021-04-28 05:59:05,Roman C
https://stackoverflow.com/questions/67290837/get-service-and-model-from-another-service-module-gradle,Get service and model from another service (module) Gradle,1,1,2021-04-28 05:57:39,Grigorii Riabov
https://stackoverflow.com/questions/67284494/download-xlsx-file-in-the-resourses-file-with-spring-mvc,Download .xlsx file in the resourses file with spring mvc,0,1,2021-04-28 05:56:32,L.G
https://stackoverflow.com/questions/67294401/am-trying-to-write-the-below-java-program-can-anyone-assist,Am trying to write the below Java Program can anyone assist [closed],-2,0,2021-04-28 05:55:17,Thomas
https://stackoverflow.com/questions/26450067/jsp-writing-to-the-response-with-a-filter,JSP writing to the response with a filter,1,2,2021-04-28 05:53:28,Roman C
https://stackoverflow.com/questions/26450067/jsp-writing-to-the-response-with-a-filter,JSP writing to the response with a filter,1,2,2021-04-28 05:53:28,Roman C
https://stackoverflow.com/questions/67294441/how-can-i-make-a-reusable-field-for-java-swagger-api,How can I make a reusable field for java swagger api,0,0,2021-04-28 05:52:23,Ole Bille
https://stackoverflow.com/questions/20856712/actionerror-not-getting-displayed,ActionError not getting displayed,3,1,2021-04-28 05:48:29,Roman C
https://stackoverflow.com/questions/67294389/while-loop-does-not-update-based-on-inside-parameters,While loop does not update based on inside parameters,0,0,2021-04-28 05:46:46,zPushz
https://stackoverflow.com/questions/67294361/java-pattern-matcher-not-working-with-caching-matcher-objects-e-g-redis-cache,Java Pattern Matcher not working with caching Matcher Objects e.g Redis Cache,0,0,2021-04-28 05:43:36,khandu salman
https://stackoverflow.com/questions/55045949/is-there-a-cacheentryexpiredlistener-for-caffeine-cache,Is there a CacheEntryExpiredListener for Caffeine Cache?,4,2,2021-04-28 05:43:34,Hari Krishna
https://stackoverflow.com/questions/67293832/guice-binding-annotation-configuration-error,Guice - Binding annotation configuration error,0,2,2021-04-28 05:42:58,Saad
https://stackoverflow.com/questions/67293911/how-can-the-items-in-two-list-views-be-accessed-with-the-same-onitemclick,How can the items in two list views be accessed with the same onItemClick?,1,1,2021-04-28 05:42:51,a_local_nobody
https://stackoverflow.com/questions/66883235/permutation-of-tuples,Permutation of Tuples,0,2,2021-04-28 05:42:34,elder.junior
https://stackoverflow.com/questions/17071499/jquery-error-while-calling-struts-2-action,Jquery Error - While calling Struts 2 action,0,1,2021-04-28 05:42:30,Roman C
https://stackoverflow.com/questions/36750512/i-want-the-string-pattern-aabbcc-to-be-displayed-as-2a2b2c,I want the string pattern aabbcc to be displayed as 2a2b2c,2,7,2021-04-28 05:42:28,Krishna
https://stackoverflow.com/questions/67294152/convert-a-list-of-student-objects-to-maplong-list-using-streams,"convert a list of Student objects to Map<Long, List<>> using streams",4,2,2021-04-28 05:40:28,Lukasz Blasiak
https://stackoverflow.com/questions/67288550/how-to-exclude-statement-from-looping,How to exclude statement from looping?,0,3,2021-04-28 05:40:04,Matthew
https://stackoverflow.com/questions/40632887/finding-common-elements-in-two-integer-arrays-java,finding common elements in two integer arrays java,0,9,2021-04-28 05:39:22,Ayush Kumar
https://stackoverflow.com/questions/67112868/how-to-design-dynamic-ui-elements-in-android,How to design dynamic UI elements in Android,0,2,2021-04-28 05:37:37,Nikhil Jain
https://stackoverflow.com/questions/18419661/error-404-issues-using-struts-application,Error 404 issues using Struts application,4,1,2021-04-28 05:37:16,Roman C
https://stackoverflow.com/questions/67288411/application-properties-not-being-found,Application.properties not being found,1,0,2021-04-28 05:36:25,J Asgarov
https://stackoverflow.com/questions/67088846/apache-spark-local-mode-throws-filenotfoundexception-when-writing-files-to-loc,Apache Spark (local mode) throws FileNotFoundException when writing files to local file system,1,0,2021-04-28 05:36:13,Joel L.
https://stackoverflow.com/questions/17757947/struts-2-http-status-404-no-result-defined-for-action,Struts 2 - HTTP Status 404 - No result defined for action,1,2,2021-04-28 05:34:43,Roman C
https://stackoverflow.com/questions/21935256/404-exception-in-browser-when-making-jquery-ajax-call-from-jsp-page-to-struts-2,404 exception in browser when making jQuery Ajax call from JSP page to Struts 2 action,1,2,2021-04-28 05:29:37,Roman C
https://stackoverflow.com/questions/58482855/how-to-seperate-last-and-remaining-all-words-in-java,how to seperate last and remaining all words in java?,1,8,2021-04-28 05:16:12,Arvind Kumar Avinash
https://stackoverflow.com/questions/67294110/convert-2d-array-to-a-graph-with-nodes-and-edges,Convert 2d array to a graph with nodes and edges,2,0,2021-04-28 05:13:37,Kody Berry
https://stackoverflow.com/questions/65679630/fatalgpu-data-manager-impl-private-cc439-gpu-process-isnt-usable-goodbye,FATAL:gpu_data_manager_impl_private.cc(439)] GPU process isn't usable. Goodbye,2,3,2021-04-28 05:10:10,iman azari
https://stackoverflow.com/questions/67293380/how-to-read-json-into-list-of-objects-implementing-common-interface,How to read Json into List of objects implementing common Interface,0,1,2021-04-28 05:09:19,Rafaqat Ali
https://stackoverflow.com/questions/67290333/unable-to-run-jmeter-distributed-test-with-ubuntu-as-node,Unable to run jmeter distributed test with ubuntu as node,0,1,2021-04-28 05:08:00,Dmitri T
https://stackoverflow.com/questions/67294065/multiple-slf4j-bindings-in-zipkin-server,multiple SLF4J bindings in zipkin server,-1,0,2021-04-28 05:07:02,Yongbo Zuo
https://stackoverflow.com/questions/67294050/android-studio-java-lang-nosuchmethoderror-no-static-method-encodebase64urlsafe,Android studio java.lang.NoSuchMethodError: No static method encodeBase64URLSafeString([B)Ljava/lang/String;,0,0,2021-04-28 05:05:49,JYH
https://stackoverflow.com/questions/65783973/love-letter-string-rotation-company-test-programming-question-base-testcase-pass,"Love letter String rotation company test programming question base testcase passed, hidden testcase failing",-1,5,2021-04-28 05:04:53,Vaishali Grover
https://stackoverflow.com/questions/67262495/how-to-deserialize-parcelled-android-messages-in-android-notifications-extras,How to Deserialize Parcelled “android.messages” in Android Notification's extras?,0,1,2021-04-28 05:02:22,Supersonic
https://stackoverflow.com/questions/41439533/severe-localhost-startstop-1-org-apache-catalina-core-containerbase-addchildin,SEVERE [localhost-startStop-1] org.apache.catalina.core.ContainerBase.addChildInternal,0,2,2021-04-28 05:01:25,Community
https://stackoverflow.com/questions/67293971/can-someone-help-me-in-understanding-android-java-documentation-on-gesturedetect,Can someone help me in understanding android java documentation on GestureDetectors? [duplicate],-1,0,2021-04-28 05:00:25,ADM
https://stackoverflow.com/questions/67293731/why-does-this-code-say-x-not-intialized-but-when-we-execute-print-statement-insi,Why does this code say x not intialized but when we execute print statement inside if statement it works fine?,-1,7,2021-04-28 04:59:46,GhostCat
https://stackoverflow.com/questions/24217813/how-to-to-use-struts-2-tags-in-jquery-as-string,How to to use Struts 2 tags in jQuery as String,1,2,2021-04-28 04:57:28,Roman C
https://stackoverflow.com/questions/15874818/registration-with-gmail-facebook-credentials-in-an-android-app,Registration with Gmail / Facebook credentials in an Android app,3,2,2021-04-28 04:57:09,Amir Ali Khan Hingoro
https://stackoverflow.com/questions/67293873/kafka-authentication-with-jaas-config,Kafka authentication with Jaas config,1,1,2021-04-28 04:51:48,Loveneesh Singh
https://stackoverflow.com/questions/20017685/how-to-check-for-an-unique-user-with-jquery-ajax-in-struts-2,How to check for an unique user with jQuery Ajax in Struts 2?,1,1,2021-04-28 04:49:19,Roman C
https://stackoverflow.com/questions/58470896/generate-non-repeated-number-uing-math-random,Generate non repeated number uing Math.random() [duplicate],0,1,2021-04-28 04:45:24,Arvind Kumar Avinash
https://stackoverflow.com/questions/67292415/why-my-simple-java-client-server-sample-program-that-uses-readallbytes-method,Why my simple java client/server sample program that uses “readAllBytes” method hang?,1,1,2021-04-28 04:44:15,yuyang
https://stackoverflow.com/questions/67293783/database-structure-transaction-table-handling-multiple-product-ids,Database structure. Transaction table handling multiple product ID's,1,1,2021-04-28 04:43:49,Prayog Paudel
https://stackoverflow.com/questions/67293663/cucumber-call-a-method-in-another-stepdefinition-class-without-creating-an-obj,Cucumber - Call a Method in another StepDefinition Class without creating an object,0,0,2021-04-28 04:43:28,Shyam Amarnath
https://stackoverflow.com/questions/19840505/json-convert-map-with-integer-keys,JSON convert Map with Integer keys,4,3,2021-04-28 04:43:16,Justin Randall
https://stackoverflow.com/questions/64264452/how-to-prevent-dead-timed-out-while-scraping-data-using-jsoup-java,How to prevent dead timed out while scraping data using JSOUP java?,-1,2,2021-04-28 04:43:06,aarons
https://stackoverflow.com/questions/67293345/canvas-rectangle-position,Canvas Rectangle position,0,1,2021-04-28 04:40:14,Rafsanjani
https://stackoverflow.com/questions/31026053/how-to-pass-property-when-using-ajax-in-struts-2,How to pass property when using Ajax in Struts 2,1,1,2021-04-28 04:37:52,Roman C
https://stackoverflow.com/questions/67293443/using-the-following-code-the-nested-else-if-statement-not-printing-please-help,"Using the following code The Nested else if statement, not printing please help what is the reason this code is not executed",0,3,2021-04-28 04:37:12,Priyank Kachhela
https://stackoverflow.com/questions/20420314/how-to-send-json-data-via-post-ajax-and-receive-json-response-from-struts-2-ac,How to send JSON data via POST (Ajax) and receive JSON response from Struts 2 action,1,3,2021-04-28 04:33:14,Roman C
https://stackoverflow.com/questions/67293641/save-multipart-form-data-received-from-java-socket-as-file-format,Save multipart/form-data received from Java socket as file format,0,0,2021-04-28 04:31:23,jely
https://stackoverflow.com/questions/67293794/confused-by-datasource-and-lack-of-repository-class-in-the-asynchronous-rxjava-e,Confused by DataSource and lack of repository class in the asynchronous RxJava example on the Android Developer Website,0,0,2021-04-28 04:29:57,sacredfaith
https://stackoverflow.com/questions/44076629/pattern-quote-not-working-for-037-character-when-it-is-passed-to-a-spark-progra,Pattern.quote not working for \037 character when it is passed to a spark program via oozie,-1,1,2021-04-28 04:23:47,marc_s
https://stackoverflow.com/questions/44096553/why-i-dont-need-to-escape-ascii-characters-like-037-in-string-declaration,Why I don't need to escape ASCII characters like \037 in String declaration?,1,2,2021-04-28 04:22:43,marc_s
https://stackoverflow.com/questions/67287167/415-unsupported-media-type-convert-json-from-jquery,415 Unsupported Media Type. Convert JSON from jQuery,0,0,2021-04-28 04:18:40,marc_s
https://stackoverflow.com/questions/67287167/415-unsupported-media-type-convert-json-from-jquery,415 Unsupported Media Type. Convert JSON from jQuery,0,0,2021-04-28 04:18:40,marc_s
https://stackoverflow.com/questions/35338416/how-to-open-spring-modelandview-response-in-ajax-success-method-as-a-complete-pa,How to open Spring ModelAndView response in Ajax success method as a complete page,1,1,2021-04-28 04:16:32,Roman C
https://stackoverflow.com/questions/67293682/i-tried-running-the-wordcount-program-using-apache-storm-apache-maven-thats,"I tried Running the Wordcount program using Apache Storm , Apache Maven , that's when I encountered these issues",1,0,2021-04-28 04:12:56,Naren M
https://stackoverflow.com/questions/67288739/how-to-trim-whitespaces-from-japanese-characters-while-loading-data-into-db-thro,How to trim whitespaces from Japanese characters while loading data into DB through SQL Loader?,2,1,2021-04-28 04:12:40,Aman Singh Rajpoot
https://stackoverflow.com/questions/18928936/struts2-action-execution-and-response-through-ajax,Struts2 Action execution and response through AJAX,2,1,2021-04-28 04:09:37,Roman C
https://stackoverflow.com/questions/67281918/cannot-load-jprofiler-agent-in-linux-x64,Cannot load JProfiler agent in linux x64,0,0,2021-04-28 04:07:58,maanijou
https://stackoverflow.com/questions/67292042/log4j2-logfile-not-getting-generated-after-changing-name-pattern,Log4j2 logfile not getting generated after changing name pattern,0,1,2021-04-28 03:57:32,sanjeevRm
https://stackoverflow.com/questions/27968157/expiry-time-cacheable-spring-boot,Expiry time @cacheable spring boot,35,7,2021-04-28 03:55:36,Bu Saeed
https://stackoverflow.com/questions/67293168/why-double-valueof-can-handle-1d-while-long-valueof-cannot-handle-1l,why Double.valueof can handle “1D” while Long.valueof cannot handle “1L”?,-2,1,2021-04-28 03:53:04,Andreas
https://stackoverflow.com/questions/67257880/spring-mvc-tomcat-migration,Spring MVC Tomcat Migration,-1,0,2021-04-28 03:51:57,Wen
https://stackoverflow.com/questions/67247001/gateway-timeout-from-elb-on-aws,gateway timeout from ELB on aws,0,0,2021-04-28 03:47:44,amyJ
https://stackoverflow.com/questions/67276750/android-firebase-recyclerview-adapter-is-not-populating-with-data-msnapshots-i,Android Firebase Recyclerview Adapter is not populating with data - mSnapshots is 0,0,3,2021-04-28 03:46:41,AMARTYA PANDEY
https://stackoverflow.com/questions/67293430/generic-attribute-table-for-any-entity,Generic Attribute table for any entity,1,0,2021-04-28 03:38:04,Stuffer
https://stackoverflow.com/questions/25847191/new-to-java-trying-to-understand-checker-1-val,new to java - trying to understand: checker |= (1 << val),15,10,2021-04-28 03:36:14,Meena Rajani
https://stackoverflow.com/questions/67243259/using-jquery-ajax-to-get-dto-from-database-and-print-it-at-console,"Using jQuery, Ajax to get DTO from database and print it at console?",1,0,2021-04-28 03:31:09,churchTao
https://stackoverflow.com/questions/67293232/safe-publication-for-a-singleton-using-local-vars,Safe publication for a singleton using local vars,0,1,2021-04-28 03:30:38,ghostrider
https://stackoverflow.com/questions/28035090/rxjava-fetch-every-item-on-the-list,RxJava - fetch every item on the list,45,5,2021-04-28 03:30:26,DV82XL
https://stackoverflow.com/questions/67289266/removing-the-last-class-attribute-in-test-arff-file-for-weka-ml-model-not-workin,Removing the last class attribute in test ARFF file for Weka ML Model not working in predicting model,0,1,2021-04-28 03:29:46,fracpete
https://stackoverflow.com/questions/67293343/bundle-jre-with-launch4j,Bundle JRE with launch4j,0,0,2021-04-28 03:27:26,Josh Stoop
https://stackoverflow.com/questions/67293336/how-to-write-the-clean-up-code-for-set-the-default-window-browser-after-after-re,How to write the clean up code for set the default window browser after after resizing current window to the set some dimension in cucumber framework,-1,0,2021-04-28 03:26:47,V Kumar Gandage
https://stackoverflow.com/questions/67293231/the-request-was-rejected-because-no-multipart-boundary-was-found-spring-angu,The request was rejected because no multipart boundary was found - Spring / Angular,-2,0,2021-04-28 03:23:34,Johannes H.
https://stackoverflow.com/questions/67293315/connecting-to-a-table-in-hbase,Connecting to a table in HBase,0,0,2021-04-28 03:23:19,Sandeepan
https://stackoverflow.com/questions/67293290/bottom-navigation-and-fragments-go-out-of-order-when-back-button-is-pressed,Bottom Navigation and Fragments go out of order when back button is pressed,0,0,2021-04-28 03:21:09,Mahad Hassan
https://stackoverflow.com/questions/67293128/retrieving-transit-line-for-google-maps-android-studio-java,Retrieving transit line for Google Maps Android Studio (Java),-1,0,2021-04-28 03:16:38,EJoshuaS - Reinstate Monica
https://stackoverflow.com/questions/67114891/how-to-mock-a-local-variable-using-mockito-in-java,how to mock a local variable using mockito in java,0,2,2021-04-28 03:15:54,Jessie
https://stackoverflow.com/questions/66381685/android-outofmemoryerror-thrown-while-trying-to-throw-an-exception,Android - OutOfMemoryError thrown while trying to throw an exception,0,0,2021-04-28 03:15:25,Skylar Liang
https://stackoverflow.com/questions/10751304/java-lang-unsatisfiedlinkerror-no-rxtxserial-in-java-library-path-thrown-while,java.lang.UnsatisfiedLinkError: no rxtxSerial in java.library.path thrown while loading gnu.io.RXTXCommDriver,8,6,2021-04-28 03:13:49,sosogh
https://stackoverflow.com/questions/67205814/mockito-and-powermock-for-objectinputstream,Mockito and PowerMock for ObjectInputStream,0,2,2021-04-28 03:10:12,sprinter
https://stackoverflow.com/questions/67288606/counting-the-number-of-instances-from-attribute,Counting the number of instances from Attribute,0,1,2021-04-28 03:07:29,fracpete
https://stackoverflow.com/questions/3311781/org-xml-sax-saxparseexception-reference-is-not-allowed-in-prolog,org.xml.sax.SAXParseException: Reference is not allowed in prolog,2,2,2021-04-28 03:04:10,Community
https://stackoverflow.com/questions/54458324/o-s-boot-springapplication-application-run-failed,o.s.boot.SpringApplication : Application run failed,3,4,2021-04-28 03:03:12,Syed Mustaq Ahamed
https://stackoverflow.com/questions/67293131/jboss-6-4-error-while-running-two-instances-of-the-same-war-on-jboss,Jboss 6.4 : Error while running two instances of the same war on Jboss,0,0,2021-04-28 02:55:05,Jackson Ha
https://stackoverflow.com/questions/67293106/branch-sdk-on-android-does-not-report-purchase,branch SDK on android does not report purchase,0,0,2021-04-28 02:51:32,user1083237
https://stackoverflow.com/questions/67293005/exception-opening-socket-connection-refused-when-trying-ton-connect-java-sprin,"Exception opening socket, connection refused, when trying ton connect Java Spring to a remove MongoDB",0,1,2021-04-28 02:46:24,KevinO
https://stackoverflow.com/questions/66958507/no-code-coverage-when-using-powermock-to-test-final-class-with-static-methods-ja,No code coverage when using PowerMock to test final class with static methods Java,0,2,2021-04-28 02:45:18,Jessie
https://stackoverflow.com/questions/67085067/how-to-zip-the-downloaded-excel-file-using-spring-boot,How to zip the downloaded Excel file using Spring Boot [closed],-1,0,2021-04-28 02:42:14,K Kumar
https://stackoverflow.com/questions/67285975/vscode-merge-conflicts-with-spring-boot-tools,VsCode Merge Conflicts with Spring Boot Tools,0,1,2021-04-28 02:31:43,Molly Wang
https://stackoverflow.com/questions/67293002/destroy-vs-remove-operations-in-gemfire,Destroy VS Remove operations in Gemfire,0,0,2021-04-28 02:31:33,Rafael Borja
https://stackoverflow.com/questions/67292995/earphones-with-bluetooch-microphone-loop,earphones with bluetooch-microphone -loop,-3,0,2021-04-28 02:29:41,José David
https://stackoverflow.com/questions/67292989/is-jdk-11-automatic-set-java-home,Is JDK 11 automatic set JAVA HOME?,1,0,2021-04-28 02:28:41,Thuan Tran
https://stackoverflow.com/questions/67292985/how-to-redirect-path-to-an-arbitrary-jsp-file-using-servlet,How to redirect path “/” to an arbitrary jsp file using servlet?,1,0,2021-04-28 02:28:07,shen
https://stackoverflow.com/questions/67218440/powermock-whennew-does-not-return-mocked-object,PowerMock whenNew does not return Mocked Object,0,1,2021-04-28 02:27:31,Jessie
https://stackoverflow.com/questions/67292920/idea-not-showing-subproject,Idea not showing subproject,3,1,2021-04-28 02:22:43,WhiteBite
https://stackoverflow.com/questions/67292858/returned-file-is-not-empty-but-then-empty-on-the-next-call,Returned file is not empty but then empty on the next call,1,1,2021-04-28 02:22:08,Johannes H.
https://stackoverflow.com/questions/67280280/extract-values-from-monoobject,Extract values from Mono<object>,0,0,2021-04-28 02:20:19,John Conde
https://stackoverflow.com/questions/67292913/eclipse-java-resources-folder,Eclipse Java Resources Folder,2,0,2021-04-28 02:17:22,bigpunz04
https://stackoverflow.com/questions/67292793/i-keep-getting-an-error-message-saying-a-boolean-cant-be-converted-to-string-h,"I keep getting an error message saying a boolean can't be converted to string, however using Boolean.toString is not working either [closed]",-5,2,2021-04-28 02:17:04,hitech physics
https://stackoverflow.com/questions/67217419/why-is-googles-ml-face-detection-kit-crashing-on-process,Why is Google's ML Face Detection Kit crashing on .process(),2,1,2021-04-28 02:14:45,CodingChap
https://stackoverflow.com/questions/67259101/how-to-correctly-optimize-jdbc-code-if-the-preparedstatements-can-change-dependi,How to correctly optimize JDBC code if the preparedStatements can change depending on the object?,0,1,2021-04-28 02:13:46,user207421
https://stackoverflow.com/questions/67292886/fastest-way-to-compair-two-csv-files-columns-in-linux,Fastest way to compair two CSV files columns (in linux) [closed],-3,0,2021-04-28 02:13:21,gouyez
https://stackoverflow.com/questions/67294617/angular-typerror,Angular Typerror,0,1,2021-04-28 06:53:30,Grim Stone
https://stackoverflow.com/questions/67294617/angular-typerror,Angular Typerror,0,1,2021-04-28 06:53:30,Grim Stone
https://stackoverflow.com/questions/67295163/issue-with-styles-in-htmlbody-in-vba,Issue with styles in HTMLbody in VBA,0,0,2021-04-28 06:52:57,Akila Dissanayake
https://stackoverflow.com/questions/67283935/how-can-i-put-the-commas-for-urls-when-i-need-3-different-on-javascript,How can I put the commas for urls when i need 3 different on javascript?,0,0,2021-04-28 06:50:03,wxz
https://stackoverflow.com/questions/67295093/angular-save-operation-is-gone-after-refresh,Angular Save Operation is Gone After Refresh,0,0,2021-04-28 06:48:01,TreacleMark
https://stackoverflow.com/questions/67291317/no-blinking-cursor-in-html5-input-type-date,No blinking cursor in HTML5 input type date,0,2,2021-04-28 06:47:05,Yu Zhou
https://stackoverflow.com/questions/67281342/how-to-create-copitables-dotted-horizontal-lines,How to create copitables dotted horizontal lines?,0,0,2021-04-28 06:46:06,Ooker
https://stackoverflow.com/questions/31867551/html-input-type-number-thousand-separator,HTML Input type number Thousand separator,41,6,2021-04-28 06:42:44,Collen Zhou
https://stackoverflow.com/questions/67295012/with-amchart-chart-labels-remains-in-black-color-although-i-switch-the-theme-to,With Amchart Chart labels remains in black color although I switch the theme to dark,0,0,2021-04-28 06:42:03,Amol Bharambe
https://stackoverflow.com/questions/67294964/adding-a-login-to-my-website-that-stays-logged-in-and-is-connected-to-a-database,adding a login to my website that stays logged in and is connected to a database,-1,0,2021-04-28 06:42:00,SHAZ
https://stackoverflow.com/questions/67294968/google-tag-manager-not-triggering-percent-scrolled-90-after-user-scrolls-to-seco,"Google Tag Manager not triggering percent_scrolled=90 after user scrolls to second article, I've used infinite scroll",0,0,2021-04-28 06:38:31,Punjab
https://stackoverflow.com/questions/67294945/webrtc-video-streaming,WebRTC VIdeo Streaming,0,0,2021-04-28 06:36:56,kisroby
https://stackoverflow.com/questions/67294777/in-the-javascript-code-the-datatype-of-the-element-should-be-array-but-it-sh,"in the javascript code , the datatype of the 'element' should be array but it shows string. why?",0,1,2021-04-28 06:36:28,Lynx 242
https://stackoverflow.com/questions/67294887/is-there-any-javascript-function-to-redirect-samepage-disable-some-buttons,Is there any javascript function to redirect samepage disable some buttons? [closed],-3,0,2021-04-28 06:32:51,Dekka Babitha priya
https://stackoverflow.com/questions/67286906/optimizing-canvas-multiple-objects-rendering,Optimizing canvas multiple objects rendering,0,1,2021-04-28 06:30:11,Kaiido
https://stackoverflow.com/questions/67294826/jupyter-notebook-align-markdown-in-code-cell-to-the-left,Jupyter Notebook align markdown in code cell to the left,0,0,2021-04-28 06:28:52,Kalle
https://stackoverflow.com/questions/67294786/scrolling-the-window-to-place-a-div-at-mouse-coordinates,Scrolling the window to place a div at mouse coordinates,0,0,2021-04-28 06:25:29,Rob de Jonge
https://stackoverflow.com/questions/67294636/how-do-i-store-data-in-this-html-page-and-retrieve-it-in-another-using-javascrip,How do I store data in this HTML page and retrieve it in another using JavaScript,0,1,2021-04-28 06:25:05,casachii
https://stackoverflow.com/questions/67294674/trying-to-access-array-offset-on-value-of-type-null-in-phpspreadsheet,Trying to access array offset on value of type null in PhpSpreadsheet,0,0,2021-04-28 06:21:05,user9437856
https://stackoverflow.com/questions/67294439/javascript-program-that-calculates-and-prints-the-sum-of-the-integers-from-1-to,Javascript Program That calculates and prints the sum of the integers from 1 to 10 [closed],-6,1,2021-04-28 06:15:12,Aqib Naeem
https://stackoverflow.com/questions/57202837/how-to-style-material-tooltip-angular-7,How to style material tooltip Angular 7,4,4,2021-04-28 06:14:25,Ganesh K
https://stackoverflow.com/questions/67271514/offline-flask-how-can-i-integrate-local-scripts-loading-failed-for-the-scri,Offline Flask: How can I integrate local scripts? (“Loading failed for the <script>”) [duplicate],-1,0,2021-04-28 06:11:01,Nico Autia
https://stackoverflow.com/questions/67294509/dynamically-remove-add-elements-from-div-when-scrolling,Dynamically remove/add elements from div when scrolling,0,0,2021-04-28 06:05:48,Khava
https://stackoverflow.com/questions/67293990/bootstrap5-0-tabs-not-working-when-i-click-on-them-different-tab-information-sh,Bootstrap5.0 tabs not working: when I click on them different tab information shows up,0,1,2021-04-28 06:04:30,Cristián Ormazábal
https://stackoverflow.com/questions/67294284/window-alert-not-working-when-a-form-quiz-is-submitted,window.alert not working when a form quiz is submitted,-1,3,2021-04-28 06:04:29,Steve Kush
https://stackoverflow.com/questions/67217328/in-wordpress-page-editor-how-can-one-add-html-to-place-data-pulled-by-shortcode,"In WordPress page editor, how can one add HTML to place data pulled by shortcode in 2 columns?",0,0,2021-04-28 06:04:28,CodeForGood
https://stackoverflow.com/questions/67262419/how-to-make-steam-login-to-html-page-in-javascript-without-php,How to make steam login to html page in javascript without php [closed],-1,0,2021-04-28 06:04:24,maks chojniak
https://stackoverflow.com/questions/67288173/can-a-dictionary-python-like-this-not-string-but-span-from-spacy,Can a dictionary (python) like this? not string but span (from spaCy)?,-2,2,2021-04-28 06:03:12,Nina
https://stackoverflow.com/questions/67294505/display-of-images-uploaded-by-the-user,Display of images uploaded by the user,0,0,2021-04-28 05:59:12,AMR Service Developer
https://stackoverflow.com/questions/5677633/middle-vertically-align-text-inside-a-textarea,Middle (vertically) align text inside a <textarea>,21,5,2021-04-28 05:58:51,Karlus da Wakoko
https://stackoverflow.com/questions/67293588/scaling-paths-within-svg-overlapping,Scaling paths within SVG overlapping,2,1,2021-04-28 05:56:37,Michael Rovinsky
https://stackoverflow.com/questions/67289197/html5-responsive-shortcut-icons,html5 responsive shortcut icons,0,0,2021-04-28 05:51:10,ATP
https://stackoverflow.com/questions/67294290/sending-data-to-the-database,Sending data to the database,0,1,2021-04-28 05:48:04,SHAZ
https://stackoverflow.com/questions/67291483/array-from-file-edit-write-to-file,Array from file - edit - write to file,-1,1,2021-04-28 05:47:59,Andre
https://stackoverflow.com/questions/67278325/scrape-the-snippet-text-from-google-search-page,Scrape the snippet text from google search page,0,1,2021-04-28 05:43:08,vitaliis
https://stackoverflow.com/questions/67294259/flex-has-no-effect-on-this-element-since-it-s-not-a-flex-item,flex has no effect on this element since it’s not a flex item,0,1,2021-04-28 05:43:07,Azox
https://stackoverflow.com/questions/67294260/how-can-i-create-a-sticker-stick-on-div,How can I create a sticker stick on div,0,1,2021-04-28 05:37:58,amirhshahbazi
https://stackoverflow.com/questions/67294267/python-capture-frame-without-stopping-videostream,Python Capture Frame without stopping VideoStream,0,0,2021-04-28 05:33:07,EliteFalcon
https://stackoverflow.com/questions/67280004/how-can-we-create-this-kind-of-chart-in-highcharts,How can we create this kind of chart in highcharts?,0,0,2021-04-28 05:32:17,Satyanarayana
https://stackoverflow.com/questions/67294239/just-one-icon-in-icomoon-not-show,just one icon in icomoon not show,0,0,2021-04-28 05:29:46,Iman Amini
https://stackoverflow.com/questions/67294238/the-data-is-not-rendering-in-the-mat-menu,The data is not rendering in the mat-menu,0,0,2021-04-28 05:29:39,Kumaravel A
https://stackoverflow.com/questions/67294195/loop-my-models-with-flex-wrap-in-every-div-in-raw-and-column-shape-without-get-t,loop my models with flex-wrap in every div in raw and column shape without get them mix with the other div,0,0,2021-04-28 05:24:40,Ayob Saleh
https://stackoverflow.com/questions/67290324/cannot-read-property-classlist-of-undefined-error-after-moving-javascript-into,“Cannot read property ClassList of Undefined” error after moving Javascript into modules,0,1,2021-04-28 05:24:23,sava128
https://stackoverflow.com/questions/67293916/i-will-like-to-know-how-i-can-use-checkbox-input-to-populate-yes-or-no-in-javasc,i will like to know how i can use checkbox input to populate yes or no in javascript,-6,0,2021-04-28 05:24:18,Toheeb Afolabi
https://stackoverflow.com/questions/66566890/content-not-responsive-and-stacked-on-a-side-css,Content not responsive and stacked on a side CSS,0,2,2021-04-28 05:21:26,MasterMind
https://stackoverflow.com/questions/67293215/how-to-keep-the-intersection-of-two-borders,How to keep the intersection of two borders?,1,1,2021-04-28 05:17:39,dale landry
https://stackoverflow.com/questions/67293975/how-to-change-the-order-of-css-grid-layout,How to change the order of CSS grid layout,0,1,2021-04-28 05:14:57,Harshal Patil
https://stackoverflow.com/questions/67294074/i-want-this-solved-fast-please,I want this solved fast please [closed],-6,0,2021-04-28 05:08:32,Kiran Gill
https://stackoverflow.com/questions/18814940/css-center-div-inside-container,css center div inside container?,18,1,2021-04-28 05:08:24,Itay
https://stackoverflow.com/questions/67278666/how-do-i-set-my-ion-datetime-to-todays-date-automatically-without-needing-to-cl,How do I set my ion-datetime to today's date automatically without needing to click the picker beforehand?,0,1,2021-04-28 05:06:19,Miro
https://stackoverflow.com/questions/67294043/svg-remove-element-from-svg-using-javascript-or-jquery,SVG: Remove element from svg using javascript or jquery,0,0,2021-04-28 05:04:51,yodann
https://stackoverflow.com/questions/37732443/shortcut-key-to-auto-complete-html-structure,Shortcut key to auto complete HTML structure,0,4,2021-04-28 05:01:25,Community
https://stackoverflow.com/questions/37732443/shortcut-key-to-auto-complete-html-structure,Shortcut key to auto complete HTML structure,0,4,2021-04-28 05:01:25,Community
https://stackoverflow.com/questions/67294015/dealing-with-special-character-especially-apostrophe-in-flask-while-rendering-th,Dealing with special character especially apostrophe in flask while rendering the data in html using flask render template,0,0,2021-04-28 05:01:08,qaiser
https://stackoverflow.com/questions/67293998/how-do-i-stop-a-server-side-php-file-from-auto-running-when-a-form-file-is-open,How do i stop a server side .php file from auto running when a form file is openned?,-1,0,2021-04-28 04:59:12,Peter Sang
https://stackoverflow.com/questions/67293444/how-can-i-get-the-value-of-a-specific-attribute-on-mousehover,How can I get the value of a specific attribute on mousehover?,-1,1,2021-04-28 04:44:58,Nugu
https://stackoverflow.com/questions/67273969/i-would-like-to-click-an-image-in-a-div-that-refreshes-the-page-and-hides-the-di,I would like to click an image in a div that refreshes the page and hides the div after refresh,0,1,2021-04-28 04:43:14,naveen
https://stackoverflow.com/questions/64264452/how-to-prevent-dead-timed-out-while-scraping-data-using-jsoup-java,How to prevent dead timed out while scraping data using JSOUP java?,-1,2,2021-04-28 04:43:06,aarons
https://stackoverflow.com/questions/67282033/geolocation-api-not-showing-output,Geolocation API not showing output,-2,0,2021-04-28 04:34:25,Chance Smith
https://stackoverflow.com/questions/67288293/stop-propagation-from-select-component-in-react,Stop propagation from select component in React,1,2,2021-04-28 04:34:03,pankaj pokharkar
https://stackoverflow.com/questions/13168606/passing-value-to-bootstrap-modal-in-django,Passing value to Bootstrap modal in Django,6,2,2021-04-28 04:34:02,Tinashe Nyakutetepa
https://stackoverflow.com/questions/67293722/call-a-laravel-route-from-vue,Call a laravel Route from Vue,0,0,2021-04-28 04:20:19,01234five
https://stackoverflow.com/questions/67293717/jquery-drag-and-select-functionality-from-html,Jquery Drag and select functionality from html,-1,0,2021-04-28 04:19:10,supratimchatterjee
https://stackoverflow.com/questions/67292825/how-to-remove-transition-on-opacity,How to remove transition on opacity?,0,1,2021-04-28 04:10:40,StepPen-codes
https://stackoverflow.com/questions/67293466/css-display-angular-expansion-panel-element-in-one-line,CSS display Angular expansion panel element in one line,0,1,2021-04-28 04:09:54,iamentafaz
https://stackoverflow.com/questions/31646440/setting-install-path-with-zxpsigncmd-and-adobe-html-panels,Setting install path with ZXPSignCmd and Adobe HTML Panels,1,3,2021-04-28 04:06:03,Saif Rached
https://stackoverflow.com/questions/67293432/add-upload-attachment-name-into-textarea-before-submit,Add upload attachment name into textarea before submit,-2,3,2021-04-28 04:05:29,Amit Kumawat
https://stackoverflow.com/questions/67292811/how-can-i-add-body-to-javascript-section,How can I add body to JavaScript section?,-2,1,2021-04-28 04:03:04,Jejun
https://stackoverflow.com/questions/67256663/how-to-add-a-whitespace-in-php-in-input-box,how to add a whitespace in PHP in input box?,-3,2,2021-04-28 03:57:17,rupesh patil
https://stackoverflow.com/questions/67293562/i-am-having-problems-with-the-css-and-javascript-aspect-of-my-webpage,i am having problems with the css and javascript aspect of my webpage,-1,0,2021-04-28 03:56:34,Ayomide Omotayo
https://stackoverflow.com/questions/67293352/how-to-search-for-multiple-words-on-a-html-page-using-javascript,How to search for multiple words on a HTML page using JavaScript?,0,1,2021-04-28 03:55:52,caidensanders
https://stackoverflow.com/questions/67292973/custom-mute-unmute-button-built-with-vue-mysteriously-does-not-work-in-productio,Custom mute/unmute button built with Vue mysteriously does not work in production but works perfectly in development,0,2,2021-04-28 03:45:39,tony19
https://stackoverflow.com/questions/67293464/the-hold-position-or-hold-position-doesnt-work-in-kableextra,The hold_position or Hold_position doesn't work in kableExtra?,0,0,2021-04-28 03:44:15,花落思量错
https://stackoverflow.com/questions/67292347/if-any-link-elements-contain-the-type-then-replace-them-with-a-script-tag,If any link elements contain the _ type then replace them with a script tag,0,1,2021-04-28 03:41:06,wahoowa
https://stackoverflow.com/questions/67292413/how-to-remove-the-black-background-in-div-css,How To Remove the black background in div css,0,2,2021-04-28 03:39:07,iwannarock
https://stackoverflow.com/questions/48551942/json-dependent-dynamic-dropdown-values-are-undefined,JSON dependent dynamic dropdown values are undefined,0,2,2021-04-28 03:31:22,Andres Fong
https://stackoverflow.com/questions/1632005/ordered-list-html-lower-alpha-with-right-parentheses,Ordered list (HTML) lower-alpha with right parentheses?,88,6,2021-04-28 03:23:14,Roslan Amir
https://stackoverflow.com/questions/67292722/limit-the-amount-of-search-bar-results-js-and-html,Limit the amount of search bar results JS and HTML,0,2,2021-04-28 03:21:13,NekoMi
https://stackoverflow.com/questions/67292950/html-attribute-value-to-be-passed-as-an-argument-for-a-javascript-function,html attribute value to be passed as an argument for a javascript function,-1,2,2021-04-28 03:19:15,Spectric
https://stackoverflow.com/questions/67292156/make-group-of-flip-boxes-align-on-mobile,Make group of flip boxes align on mobile,0,2,2021-04-28 03:15:19,Yadab
https://stackoverflow.com/questions/67293052/vue-href-binding-with-static-url,Vue href binding with static url,0,1,2021-04-28 03:11:58,Jesse Reza Khorasanee
https://stackoverflow.com/questions/67293208/how-do-i-make-the-rest-of-the-text-in-this-navigation-bar-appear-inline-with-the,How do I make the rest of the text in this navigation bar appear inline with the logo,-1,0,2021-04-28 03:08:31,Naldondo
https://stackoverflow.com/questions/3311781/org-xml-sax-saxparseexception-reference-is-not-allowed-in-prolog,org.xml.sax.SAXParseException: Reference is not allowed in prolog,2,2,2021-04-28 03:04:10,Community
https://stackoverflow.com/questions/67292745/list-some-values-with-js-html-from-a-lowdb-json-database,"List some values with JS, HTML from a lowdb json database",0,1,2021-04-28 03:03:25,Zaya
https://stackoverflow.com/questions/67293169/how-would-i-find-every-html-text-related-element-h1-h2-h3-p-etc-and-grab-i,"How would I find every html text-related element (h1, h2, h3, p, etc) and grab it's innerHTML?",-1,0,2021-04-28 03:02:21,hm maybe
https://stackoverflow.com/questions/67292758/can-anyone-convert-this-algorithm-to-html-javascript-code,Can anyone convert this algorithm to html/javascript code? [closed],-8,0,2021-04-28 03:00:45,GruGru
https://stackoverflow.com/questions/67291436/how-to-remove-margin-on-html-css-mobile-responsive-form,How to remove margin on html css mobile responsive form?,0,1,2021-04-28 02:54:17,Yadab
https://stackoverflow.com/questions/67293108/hello-im-a-beginner-php-programmer-and-i-have-a-problem-with-a-dropdownlist,"hello, I'm a beginner php programmer :)and i have a problem with a dropdownlist",-3,0,2021-04-28 02:51:44,ɹnɥʇɹɐ sincvrv
https://stackoverflow.com/questions/67286430/i-have-tried-to-make-a-code-that-on-getting-input-of-2-numbers-from-the-user-ge,"I have tried to make a code that on getting input of 2 numbers from the user, generates a random number",-2,2,2021-04-28 02:39:27,knosmos
https://stackoverflow.com/questions/35588360/how-to-make-skype-friendly-links-preview-image-tags,How to make Skype-friendly links (preview image tags),20,2,2021-04-28 02:25:19,Juan
https://stackoverflow.com/questions/67292037/why-does-html-disappar-when-trying-to-iterate-using-for-loop-in-django,Why does html disappar when trying to iterate using for loop in django,0,1,2021-04-28 02:19:55,taha maatof
https://stackoverflow.com/questions/67292262/insert-newline-br-at-the-end-of-textarea-line,Insert newline <br> at the end of textarea line,0,1,2021-04-28 02:19:53,StepPen-codes
https://stackoverflow.com/questions/67292497/why-this-media-query-not-toggling-the-display-property,Why this media query not toggling the display property?,0,1,2021-04-28 02:18:12,Dharman
https://stackoverflow.com/questions/67289297/set-width-of-element-based-on-content-within,Set width of element based on content within,0,2,2021-04-28 02:09:28,Mohamed Bdr
https://stackoverflow.com/questions/67292853/how-to-link-php-login-registration-form-to-html-website,How to link php login/registration form to html website?,0,0,2021-04-28 02:08:28,anon123
https://stackoverflow.com/questions/16180465/how-to-make-child-element-cover-border-of-parent,how to make child element cover border of parent?,7,4,2021-04-28 02:07:54,Sumit
https://stackoverflow.com/questions/67275944/cant-get-images-and-captions-to-float-properly-in-html-css-javascript,Can't get images and captions to float properly in HTML/CSS/Javascript,0,2,2021-04-28 02:06:41,carda114
https://stackoverflow.com/questions/43907045/jquery-not-working-in-github-pages,Jquery not working in github pages,-1,2,2021-04-28 02:05:50,Andrés Valero
https://stackoverflow.com/questions/66658278/uncaught-typeerror-cannot-set-property-innerhtml-of-null-at-rungame-logic-js,Uncaught TypeError: Cannot set property 'innerHTML' of null at runGame (logic.js:63) and at HTMLButtonElement.start (logic.js:47),0,1,2021-04-28 02:03:56,StepPen-codes
https://stackoverflow.com/questions/12769681/can-anyone-tell-me-what-causes-that-white-space-appear-between-the-contact-form,Can anyone tell me what causes that white space appear between the contact form and the footer?,1,2,2021-04-28 02:02:24,Community
https://stackoverflow.com/questions/67292558/positionsticky-does-not-work-on-website-header,Position:sticky does not work on website header,0,0,2021-04-28 01:59:50,Jonathan Old
https://stackoverflow.com/questions/56099908/how-to-make-a-dynamic-bootstrap-pagination-with-js,How to make a dynamic bootstrap pagination with JS?,1,2,2021-04-28 01:54:36,Azad Education
https://stackoverflow.com/questions/67292755/moving-multiple-images-position-in-a-form,Moving multiple images position in a form,0,0,2021-04-28 01:53:32,Tina
https://stackoverflow.com/questions/67292755/moving-multiple-images-position-in-a-form,Moving multiple images position in a form,0,0,2021-04-28 01:53:32,Tina
https://stackoverflow.com/questions/67292381/how-to-find-text-within-a-html-page-using-javascript,How to find text within a HTML page using JavaScript?,0,1,2021-04-28 01:50:18,Anjasmara Dwi.S
https://stackoverflow.com/questions/67290315/flex-in-vue-not-adjusting-button,Flex in Vue not adjusting button,-1,0,2021-04-28 01:49:11,sromit
https://stackoverflow.com/questions/67291425/replacing-true-or-false-in-table-value-with-an-image-in-razor-pages,Replacing true or false in table value with an image in Razor Pages,0,1,2021-04-28 01:40:54,Yiyi You
https://stackoverflow.com/questions/67292676/xamarin-forms-is-it-possible-to-show-part-of-an-html-page-in-webview,Xamarin Forms - Is it possible to show part of an html page in WebView?,0,0,2021-04-28 01:40:26,cygmatech
https://stackoverflow.com/questions/67291690/download-a-file-with-the-input-tag-in-html,Download a File with the <input> tag in html,-2,3,2021-04-28 01:31:32,zazz
https://stackoverflow.com/questions/67292623/i-want-to-make-an-a-tag-to-switch-my-4-iframes-content-at-the-same-time,I want to make an <a> tag to switch my 4 iframes content at the same time,0,0,2021-04-28 01:31:24,Donn Deparsio
https://stackoverflow.com/questions/67281584/how-to-color-topnav-when-background-color-is-already-in-use,How to color topnav when background-color is already in use?,0,4,2021-04-28 01:30:33,Gunther
https://stackoverflow.com/questions/67292581/this-php-html-mysql-code-is-not-working-properly,This php + html + mysql code is not working properly,-1,0,2021-04-28 01:24:23,Luan Araújo
https://stackoverflow.com/questions/67243899/trouble-retrieving-all-images-in-a-div-img-src-carousel-scrapy,Trouble retrieving all images in a div/img/@src carousel - Scrapy,0,1,2021-04-28 01:18:31,robstaman
https://stackoverflow.com/questions/67292519/cant-append-options-to-my-select-on-an-change-method,Can't append options to my select on an .change method,0,0,2021-04-28 01:15:49,vanderkute
https://stackoverflow.com/questions/23800792/how-to-check-if-the-radio-button-is-selected-or-not-in-selenium-webdriver,How to check if the radio button is selected or not in Selenium WebDriver?,8,4,2021-04-28 01:14:12,Jacob Leeson
https://stackoverflow.com/questions/67292504/bootstrap-3-how-to-make-columns-in-a-row-horizontally-centered,Bootstrap 3 how to make columns in a row horizontally centered,-2,0,2021-04-28 01:13:54,Erasus
https://stackoverflow.com/questions/67292499/how-to-replace-a-html-tag-from-stack-to-push-a-new-tag-in-blade-laravel,"How to replace a html tag from stack to push a new tag in Blade, Laravel",0,0,2021-04-28 01:13:20,André Cuellar Avaroma
https://stackoverflow.com/questions/67291390/how-do-i-create-design-system-packages-dsp-with-adobe-xd,How do I create Design System Packages (DSP) with Adobe XD? [closed],-1,0,2021-04-28 01:06:58,rioV8
https://stackoverflow.com/questions/67292266/why-is-the-letter-f-squished-in-the-code-tag,Why is the letter f squished in the code tag,0,1,2021-04-28 01:04:33,Abdelhakim AKODADI
https://stackoverflow.com/questions/67292339/youtubes-custom-right-click-menu-options,Youtube's custom right click menu options,0,2,2021-04-28 01:04:21,Spectric
https://stackoverflow.com/questions/67292212/group-rows-in-html-table,Group rows in HTML table,0,1,2021-04-28 01:02:41,Spectric
https://stackoverflow.com/questions/67292143/loop-through-ul-li-elements-and-get-the-li-text-excluding-childrens,Loop through ul li elements and get the li text excluding childrens,-1,3,2021-04-28 01:01:46,The_Death_Raw
https://stackoverflow.com/questions/54662728/how-to-set-2-to-3-values-default-in-dropdownlist,how to set 2 to 3 values default in Dropdownlist,0,1,2021-04-28 00:54:32,Akber Iqbal
https://stackoverflow.com/questions/57393107/angular-bootstrap-datepicker-gives-us-date-object-i-want-it-as-date,Angular Bootstrap Datepicker Gives us date object . I want it as Date,0,1,2021-04-28 00:52:06,Akber Iqbal
https://stackoverflow.com/questions/67285131/how-can-i-display-two-p5js-sketches-on-the-same-html-page,How can I display two p5js sketches on the same html page?,1,1,2021-04-28 00:50:45,Paul Wheeler
https://stackoverflow.com/questions/67285572/how-to-get-select-tag-value-in-flask,How to get select tag value in flask,0,1,2021-04-28 00:43:31,Jonathan Adithya
https://stackoverflow.com/questions/67292300/why-does-h1-tag-not-center-in-mobile-view,Why does h1 tag not center in mobile view,-1,0,2021-04-28 00:39:52,Sonny
https://stackoverflow.com/questions/66776643/how-can-i-stream-video-with-hls-js-in-iphone,How can I stream video with Hls.js in iPhone,0,1,2021-04-28 00:33:21,IronMan
https://stackoverflow.com/questions/40968647/how-to-get-the-sucess-message-in-the-same-page-after-submitting-the-contact-form,How to get the sucess message in the same page after submitting the contact form?,8,5,2021-04-28 00:28:59,Community
https://stackoverflow.com/questions/67292200/why-does-my-caption-disappear-when-making-my-image-link-to-something-else,Why does my caption disappear when making my image link to something else?,-1,0,2021-04-28 00:23:17,Muha
https://stackoverflow.com/questions/67292122/bootstrap-how-make-column-assume-height-of-content-and-stack-accordingly,Bootstrap how make column assume height of content and stack accordingly?,-1,0,2021-04-28 00:22:48,Spectric
https://stackoverflow.com/questions/40843407/how-to-set-a-value-for-the-input-type-datetime-local,How to set a value for the input type 'datetime-local'?,32,13,2021-04-28 00:20:14,Fawas
https://stackoverflow.com/questions/45593013/whatsapp-use-only-html-to-share-url-link-by-a-descriptive-text,WhatsApp use only html to share url link by a descriptive text,4,4,2021-04-28 00:13:52,Raphael Cabral
https://stackoverflow.com/questions/67291716/cannot-click-button-using-selenium-python,Cannot click button using Selenium - Python,1,1,2021-04-28 00:10:23,JD2775
https://stackoverflow.com/questions/67291736/dynamically-added-form-elements-hides-other-elements-until-resize,Dynamically added form elements hides other elements until resize,1,1,2021-04-28 00:08:28,Spectric
https://stackoverflow.com/questions/19003238/jquery-dropdown-selected-selected-in-safari-does-not-work,jQuery dropdown selected=selected in Safari does not work,16,3,2021-04-28 00:07:40,Miles Prower
https://stackoverflow.com/questions/4774022/whats-default-html-css-link-color,What's default HTML/CSS link color?,173,11,2021-04-28 00:05:14,perplexed
https://stackoverflow.com/questions/67292015/resolution-is-upscaling-when-using-percentage-as-parameter-in-html-canvas,Resolution is upscaling when using percentage as parameter in html canvas,0,0,2021-04-27 23:59:30,Egon Stetmann.
https://stackoverflow.com/questions/67292062/how-to-make-a-webscraper-that-would-work-in-a-html-website,How to make a webscraper that would work in a HTML website,0,0,2021-04-27 23:59:02,Fellow Human
https://stackoverflow.com/questions/67291973/how-to-get-text-to-stop-wrapping-before-another-element,How to get text to stop wrapping before another element,0,0,2021-04-27 23:45:53,Lastbilshjulet
https://stackoverflow.com/questions/61693770/how-to-get-cell-edit-history-by-google-app-script,How to get cell edit history by Google App Script?,6,1,2021-04-27 23:45:24,Parth Chandak
https://stackoverflow.com/questions/65983183/is-there-a-way-to-generate-a-pdf-certificate-in-wordpress-and-send-to-emails,Is there a way to generate a pdf certificate in WordPress and send to emails,0,1,2021-04-27 23:39:11,Hisham Ragab
https://stackoverflow.com/questions/67291916/load-html-template-in-node-js-express-app-for-email,Load HTML Template in Node.js Express App for Email,0,0,2021-04-27 23:36:11,Alk
https://stackoverflow.com/questions/67290675/i-dont-know-if-its-a-bug-or-what-but-the-footer-with-css-goes-where-it-doesnt,I don't know if it's a bug or what but the footer with css goes where it doesn't have to go [closed],-3,0,2021-04-27 23:32:59,Tangentially Perpendicular
https://stackoverflow.com/questions/67291766/warning-session-start-cannot-start-session-when-headers-already-sent-in,Warning: session_start(): Cannot start session when headers already sent in (…) on line 2 [duplicate],0,2,2021-04-27 23:25:41,Abraham Brookes
https://stackoverflow.com/questions/67291834/html5-video-opening-up-in-a-different-player-in-ios,HTML5 video opening up in a different player in iOS,0,0,2021-04-27 23:22:22,Jonathan Rich
https://stackoverflow.com/questions/67289723/save-the-users-input-or-response-to-local-storage-with-html-table,Save the users input or response to local storage with HTML Table,0,1,2021-04-27 23:19:54,Artificial Engineer
https://stackoverflow.com/questions/67290485/i-want-to-append-values-in-this-html-request,I want to append values in this HTML request,0,2,2021-04-27 23:12:23,NaziA
https://stackoverflow.com/questions/25311923/javascript-validation-for-all-field-with-required-attribute,Javascript Validation for all field with Required attribute,18,3,2021-04-27 23:11:32,Vlad
https://stackoverflow.com/questions/67291634/turkish-character-file-name,Turkish character file name,0,1,2021-04-27 23:09:14,Tayyab mehar
https://stackoverflow.com/questions/37964542/how-to-include-a-html-file-with-node-js,How to include a HTML file with node.js,1,2,2021-04-27 23:06:56,steadweb
https://stackoverflow.com/questions/67291279/lost-color-on-hover-transition-in-safari-13-is-this-a-bug,"Lost color on hover transition in Safari 13, is this a bug?",0,1,2021-04-27 23:06:09,Artificial Engineer
https://stackoverflow.com/questions/67285250/embedding-an-executable-program-into-a-webpage-such-as-iframe,Embedding an executable program into a webpage such as iframe,0,0,2021-04-27 22:56:44,Tom V
